Artist Name,Track Name,Popularity,danceability,energy,key,loudness,mode,speechiness,acousticness,liveness,valence,tempo,duration_in min/ms,time_signature,release_year
Nathan Goshen,26,39.0,0.471,0.832,1.0,-5.606,0,0.12,0.0333,0.0937,0.679,193.946,197773.0,4,2019
Ohmme,3 2 4 3,31.0,0.449,0.684,7.0,-8.116,1,0.0358,0.0925,0.104,0.306,129.585,245506.0,1,2020
The Black Crowes,30 Days In The Hole,41.0,0.566,0.895,9.0,-4.056,1,0.0406,0.0563,0.151,0.702,120.118,226720.0,4,1999
3d Blast,3rD BEST,32.0,0.377,0.773,4.0,-7.417,1,0.0732,0.0481,0.87,0.548,119.883,242817.0,4,2018
Seddy Hendrinx,45 (feat. A Boogie Wit da Hoodie),51.0,0.861,0.582,10.0,-8.078,1,0.226,0.00621,0.103,0.607,85.007,155224.0,4,2020
A. Nayaka,4OAK,45.0,0.753,0.761,5.0,-5.735,0,0.153,0.312,0.077,0.805,147.05,182857.0,4,2022
Brian Owens,A Change Is Gonna Come,41.0,0.619,0.405,10.0,-6.802,1,0.0273,0.391,0.0736,0.562,128.958,276609.0,3,1968
Taking Back Sunday,A Decade Under The Influence,58.0,0.491,0.904,9.0,-4.729,1,0.0765,0.00929,0.106,0.607,156.031,247760.0,4,2004
The Smithereens,A Girl Like You,52.0,0.657,0.828,1.0,-9.344,1,0.0283,0.0892,0.0575,0.908,123.799,282867.0,4,1989
Screams Of Syrens,A New Era,30.0,0.444,0.912,4.0,-8.007,1,0.0812,0.00269,0.308,0.31,174.949,275899.0,4,1975
Mitski,A Pearl,69.0,0.225,0.639,8.0,-4.034,1,0.0299,0.0488,0.112,0.226,83.632,156146.0,4,2019
Disturbed,A Reason to Fight,61.0,0.591,0.571,6.0,-5.573,0,0.0248,0.0158,0.13,0.26,75.04,284293.0,4,2020
A Perfect Circle,A Stranger,45.0,0.536,0.368,1.0,-12.761,0,0.0296,0.516,0.0921,0.0949,109.979,192333.0,4,2003
Lola Flores,A Tu Vera,44.0,0.431,0.381,7.0,-9.818,1,0.0369,0.643,0.124,0.57,113.331,208667.0,4,1958
"Sarthak Kalyani, Satyansh Rajat",Ab Jaane Ki Zid Na Karo,22.0,0.646,0.588,7.0,-9.429,1,0.108,0.745,0.102,0.143,95.018,302951.7,4,2019
Buck Owens,Act Naturally,58.0,0.552,0.474,7.0,-6.847,1,0.0275,0.336,0.173,0.7,92.156,239488.3,4,1963
Hollow Front,Afflicted,54.0,0.185,0.941,4.0,-5.028,0,0.129,0.029,0.109,0.169,164.215,291968.0,3,2022
The Lady Of Rage,Afro Puffs,50.0,0.799,0.876,10.0,-3.661,0,0.242,0.0424,0.308,0.525,91.35,288333.0,4,1995
Funeral Mist,Agnus Dei,24.0,0.147,0.996,11.0,-7.823,0,0.4,0.000182,0.444,0.0295,94.036,273027.0,4,2009
Elvis Costello,Alison,58.0,0.557,0.32,1.0,-10.792,0,0.0438,0.739,0.112,0.377,176.647,204533.0,4,1977
Sturgill Simpson,All Around You,47.0,0.312,0.562,9.0,-6.495,1,0.0298,0.123,0.136,0.514,185.725,215693.0,3,2020
P!nk,All I Know So Far,78.0,0.578,0.639,4.0,-5.749,1,0.0374,0.0586,0.0944,0.296,108.045,277413.0,4,2021
Robin Schulz,All This Love (feat. Harl≈ì),58.0,0.659,0.789,2.0,-4.505,0,0.0506,0.00943,0.175,0.475,123.971,201290.0,4,2020
Embrace,All You Good Good People,48.0,0.232,0.719,11.0,-6.255,1,0.0428,0.000118,0.119,0.323,165.906,366267.0,4,1997
Boxout,ALMA,31.0,0.354,0.777,4.0,-6.648,1,0.06,0.0553,0.38,0.393,200.139,206400.0,4,2021
Moonspell,Alma Mater,45.0,0.235,0.867,9.0,-6.408,0,0.0647,0.000133,0.0758,0.305,142.939,337307.0,3,1995
Parquet Courts,Almost Had to Start a Fight/In and Out of Patience,48.0,0.409,0.93,7.0,-3.293,1,0.191,0.103,0.863,0.789,92.648,194693.0,4,2018
Sunnyboys,Alone with You - 2014 Remaster,51.0,0.361,0.937,4.0,-3.179,0,0.0463,6.19E-05,0.27,0.393,147.546,238960.0,4,1981
Saint Jude,Altitude,28.0,0.539,0.836,6.0,-5.664,0,0.0366,0.00363,0.329,0.261,109.964,210446.0,4,2020
Lonestar,Amazed,61.0,0.557,0.553,1.0,-7.954,1,0.0319,0.247,0.125,0.253,139.821,399978.3,4,1999
Editors,An End Has A Start,54.0,0.349,0.923,6.0,-2.432,0,0.0539,1.95E-05,0.336,0.535,149.904,225533.0,4,2007
The Bravery,An Honest Mistake,57.0,0.46,0.889,2.0,-4.281,0,0.0294,3.21E-06,0.121,0.639,140.038,219707.0,4,2005
The Pretty Reckless,And So It Went [Feat. Tom Morello],55.0,0.471,0.9,8.0,-2.283,0,0.0832,0.0148,0.082,0.362,91.318,270215.0,4,2020
The Replacements,Androgynous,54.0,0.476,0.361,11.0,-9.312,1,0.0287,0.518,0.0817,0.389,106.484,190853.0,4,1984
jxdn,Angels & Demons,75.0,0.554,0.8,8.0,-3.936,1,0.0395,0.119,0.629,0.463,115.056,160120.0,4,2020
Kida Kudz,Animalistic,48.0,0.85,0.669,9.0,-8.277,0,0.121,0.0464,0.0539,0.705,99.981,166812.0,4,2021
Softcult,Another Bish,39.0,0.556,0.541,4.0,-6.018,1,0.0292,0.00476,0.128,0.553,96.531,175421.0,4,2021
Queen,Another One Bites The Dust - Remastered 2011,82.0,0.933,0.528,5.0,-6.472,0,0.161,0.112,0.163,0.754,109.967,214653.0,4,1980
Josiah and the Bonnevilles,Appalachia,38.0,0.419,0.662,2.0,-6.976,1,0.0296,0.172,0.211,0.594,83.906,252813.0,4,2018
The Delta Saints,Are You,31.0,0.43,0.852,9.0,-7.303,0,0.0309,0.0068,0.137,0.509,93.375,220467.0,4,2018
Robert Michaels,Armando's Market,43.0,0.788,0.366,9.0,-11.238,0,0.0665,0.801,0.479,0.671,101.991,442221.7,4,2000
The Paper Kites,Arms,60.0,0.41,0.141,2.0,-18.564,1,0.0337,0.931,0.118,0.239,149.884,339266.7,4,2010
Man,Back into the Future,26.0,0.46,0.816,5.0,-6.918,1,0.0296,0.234,0.0783,0.33,130.713,246080.0,4,2020
Pretenders,Back on the Chain Gang - 2007 Remaster,65.0,0.598,0.901,2.0,-6.081,1,0.0359,0.116,0.178,0.814,153.24,385200.0,4,1982
Kendrick Lamar,Backseat Freestyle,58.0,0.546,0.651,1.0,-7.601,1,0.3,0.000739,0.235,0.646,77.878,212653.0,4,2012
Cj Pandit,Bad Bad Fun,34.0,0.582,0.693,1.0,-9.256,1,0.0278,0.131,0.115,0.582,106.999,208444.0,4,2022
Nyck Caution,Bad Day (feat. Denzel Curry),49.0,0.749,0.783,1.0,-3.965,1,0.3,0.142,0.237,0.73,140.012,154947.0,4,2021
The Hunna,Bad Place,56.0,0.648,0.564,9.0,-3.972,1,0.0322,0.216,0.0854,0.357,132.932,139729.0,4,2020
Jace Everett,Bad Things,49.0,0.591,0.864,4.0,-4.706,0,0.0399,0.0446,0.279,0.728,131.006,164440.0,4,2005
Half Your Love,Bahamas,59.0,0.73,0.249,9.0,-9.888,0,0.0344,0.886,0.096,0.332,132.007,240311.7,4,2020
Biffy Clyro,"Balance, Not Symmetry - From the Original Motion Picture Soundtrack 'Balance, Not Symmetry'",35.0,0.545,0.834,1.0,-3.255,0,0.0385,6.46E-05,0.125,0.676,156.884,181537.0,3,2019
Nina Simone,Baltimore,64.0,0.638,0.28,9.0,-16.516,1,0.0673,0.417,0.0611,0.734,154.955,278867.0,4,1978
Kink Gong,Bamboo Chicken,9.0,0.248,0.491,5.0,-15.27,0,0.0954,0.277,0.424,0.481,172.917,253455.0,4,2017
Conkarah,Banana (feat. Shaggy) - DJ FLe - Minisiren Remix,72.0,0.824,0.854,8.0,-5.312,1,0.177,0.016,0.117,0.896,95.114,210329.0,4,2020
Dirty Pretty Things,Bang Bang You're Dead,41.0,0.359,0.802,5.0,-2.945,1,0.0528,0.00687,0.398,0.433,152.481,212200.0,4,2018
Prince,Batdance,46.0,0.594,0.702,1.0,-9.894,1,0.0842,0.168,0.142,0.466,135.406,622888.3,4,1989
Dean Lewis,Be Alright,81.0,0.553,0.586,11.0,-6.319,1,0.0362,0.697,0.0813,0.443,126.684,196373.0,4,2018
Maroon 5,Beautiful Mistakes (feat. Megan Thee Stallion),91.0,0.713,0.676,10.0,-5.483,1,0.027,0.0377,0.154,0.721,99.048,227395.0,4,2021
Lenny Kravitz,Believe,50.0,0.73,0.65,5.0,-8.142,0,0.0354,0.00243,0.0445,0.748,120.038,280973.0,4,1993
The Bravery,Believe,58.0,0.385,0.949,8.0,-3.369,1,0.0459,0.00501,0.113,0.517,166.137,226347.0,4,2007
Alan Walker,Believers,73.0,0.649,0.69,8.0,-5.384,0,0.0296,0.0247,0.161,0.593,104.04,159078.0,4,2021
Baird,Beluga v2 (feat. Berhana),52.0,0.719,0.715,4.0,-6.549,0,0.0758,0.0849,0.142,0.393,87.922,155455.0,4,2022
What A Day - Edit,Ben Howard,20.0,0.663,0.434,7.0,-9.03,1,0.0278,0.539,0.0906,0.593,136.018,429621.7,4,2021
Pretty Sick,Bet My Blood,1.0,0.423,0.984,9.0,-4.261,0,0.1,2.29E-05,0.321,0.199,103.218,179785.0,4,2020
Gizelle Smith,Better Remember (They're Controlling You),20.0,0.572,0.633,11.0,-8.247,0,0.0603,0.16,0.182,0.706,92.052,338750.0,4,2021
Jamey Johnson,Between Jennings And Jones,55.0,0.544,0.621,2.0,-8.131,1,0.0397,0.0442,0.28,0.382,146.798,251960.0,3,2006
Joel Veena,Bhim,16.0,0.44,0.698,7.0,-5.175,1,0.0354,0.787,0.12,0.29,176.033,463636.7,4,2021
Fontaines D.C.,Big,45.0,0.5,0.947,4.0,-3.602,1,0.0452,0.044,0.205,0.966,181.834,105516.0,4,2019
Everything Everything,Big Climb,41.0,0.656,0.599,2.0,-8.314,1,0.0684,0.00966,0.0681,0.301,104.998,234067.0,4,2020
Phoenix (feat. Fleet Foxes & Anaïs Mitchell),"Big Red Machine, Fleet Foxes, Anaïs Mitchell",63.0,0.482,0.671,5.0,-7.135,1,0.0412,0.454,0.0791,0.547,137.836,425888.3,4,2021
Spare Parts For Broken Hearts,Big Win,24.0,0.491,0.71,7.0,-9.06,1,0.0307,0.000981,0.228,0.418,122.003,205687.0,4,2020
Chris Cornell,Billie Jean,55.0,0.52,0.619,4.0,-4.85,0,0.0427,0.591,0.121,0.367,137.882,281373.0,3,2007
FEVER 333,BITE BACK,50.0,0.545,0.998,8.0,-3.645,1,0.234,0.0192,0.877,0.142,129.992,190657.0,4,2020
Catholic Action,Black & White,26.0,0.49,0.784,1.0,-8.057,0,0.0531,0.0235,0.189,0.58,132.549,210238.0,4,2017
Death Hawks,Black Acid,40.0,0.535,0.561,4.0,-12.346,0,0.0372,0.309,0.104,0.137,118.912,546640.0,4,2015
Reignwolf,Black and Red,54.0,0.368,0.921,8.0,-4.897,0,0.0919,0.000716,0.295,0.451,119.113,219523.0,3,2013
AVIV,Black Coffee,48.0,0.639,0.664,2.0,-8.346,1,0.0257,0.0091,0.545,0.699,132.01,144392.0,4,2022
Beach Bunny,Blame Game,56.0,0.364,0.719,7.0,-5.567,1,0.0439,0.0551,0.0824,0.352,97.5,214924.0,4,2021
The Weeknd,Blinding Lights,94.0,0.514,0.73,1.0,-5.934,1,0.0598,0.00146,0.0897,0.334,171.005,200040.0,4,2019
Cane Hill,Blood & Honey,47.0,0.462,0.973,11.0,-3.878,1,0.102,0.00333,0.0563,0.111,109.548,197260.0,4,2016
Lost Society,Blood On Your Hands,36.0,0.49,0.94,10.0,-6.47,0,0.0825,7E-06,0.0917,0.299,94.652,234578.0,4,2014
"Julian Dash, Jay McShann, Eugene Ramey, Gus Johnson, Jr., Buddy Tate",Blue and Sentimental,40.0,0.484,0.0291,10.0,-23.363,1,0.0459,0.961,0.115,0.379,98.434,649821.7,4,1952
Shire T,Blue Kiss,44.0,0.633,0.969,7.0,-6.112,1,0.0581,0.0113,0.123,0.603,138.946,255760.0,4,2021
The White Stripes,Blue Orchid,65.0,0.481,0.645,10.0,-8.535,0,0.318,0.0863,0.332,0.612,151.307,157560.0,4,2005
Tora Tora,Blue Tommorrow,20.0,0.626,0.609,4.0,-12.226,0,0.0371,0.00803,0.108,0.346,123.681,260120.0,4,1992
Joe Bonamassa,Blues Deluxe,53.0,0.499,0.366,5.0,-9.566,1,0.0441,0.0108,0.0851,0.418,144.563,440200.0,3,2003
The Dandy Warhols,Bohemian Like You,68.0,0.584,0.931,9.0,-6.158,1,0.0344,0.00315,0.133,0.694,131.275,211707.0,4,2000
Brigitte Bardot,Bonnie And Clyde,26.0,0.471,0.632,2.0,-11.844,0,0.0568,0.0896,0.261,0.582,97.239,253573.0,4,2018
John Lee Hooker,Boogie Chillun,36.0,0.622,0.417,4.0,-11.793,1,0.299,0.42,0.0785,0.597,158.103,158053.0,4,1948
Briston Maroney,Bottle Rocket,54.0,0.583,0.931,11.0,-4.975,0,0.125,0.0174,0.405,0.319,127.034,190360.0,4,2018
Dua Lipa,Break My Heart,82.0,0.73,0.729,4.0,-3.434,0,0.0883,0.167,0.349,0.467,113.013,221820.0,4,2020
alt-J,Breezeblocks,73.0,0.611,0.643,5.0,-7.372,1,0.037,0.117,0.131,0.258,74.991,227080.0,4,2012
P√©pe,Bridging Mechanics,39.0,0.469,0.669,2.0,-9.473,1,0.0494,0.0385,0.0981,0.245,132.005,358282.0,4,2020
The Police,Bring On The Night,55.0,0.727,0.627,2.0,-11.7,1,0.0633,0.0566,0.0779,0.773,109.603,255213.0,4,1979
Shannon Shaw,Broke My Own,35.0,0.492,0.736,9.0,-5.134,0,0.0318,0.00376,0.128,0.555,122.442,179387.0,4,2020
Cage The Elephant,Broken Boy (feat. Iggy Pop),51.0,0.492,0.939,6.0,-3.501,0,0.118,0.00247,0.131,0.484,166.03,163208.0,4,2020
Spank Rock,Bump - Switch Remix,16.0,0.777,0.693,1.0,-10.473,1,0.439,0.246,0.249,0.485,126.005,447000.0,4,2006
grandson,Bury Me Face Down,63.0,0.39,0.629,1.0,-4.876,0,0.0469,0.0187,0.0658,0.162,141.983,231667.0,4,2016
"MAX, Ali Gatie",Butterflies,73.0,0.7,0.613,11.0,-4.041,1,0.0408,0.385,0.0887,0.42,88.084,318750.0,4,2021
Routine,Cady Road,43.0,0.498,0.731,2.0,-7.25,1,0.0243,0.128,0.156,0.6,97.055,190696.0,4,2020
JDM Global,Cake,20.0,0.727,0.801,10.0,-6.562,1,0.0307,0.251,0.0838,0.928,121.032,167603.0,4,2022
YONAKA,Call Me a Saint,56.0,0.503,0.685,9.0,-6.48,0,0.0423,0.0421,0.0674,0.508,146.997,200067.0,4,2020
Tedeschi Trucks Band,Calling Out To You,44.0,0.597,0.118,6.0,-13.908,1,0.0358,0.964,0.112,0.316,102.067,226160.0,4,2019
spill tab,Calvaire,52.0,0.771,0.468,1.0,-6.015,1,0.0539,0.428,0.11,0.554,123.727,117499.0,4,2020
Deema,CAN I?,43.0,0.89,0.817,7.0,-6.495,1,0.143,0.144,0.045,0.755,106.01,165748.0,4,2021
Mothica,Can You Feel My Heart (Mothica Version),58.0,0.538,0.802,2.0,-6.021,1,0.0649,0.0222,0.433,0.149,140.026,141550.0,4,2020
FIDLAR,Can‚Äôt You See,44.0,0.562,0.884,2.0,-4.003,1,0.157,0.00979,0.115,0.912,169.967,178438.0,4,2018
Ed Sheeran,Candle In The Wind - 2018 Version,61.0,0.549,0.449,4.0,-10.479,1,0.0455,0.732,0.117,0.506,76.028,331295.0,5,2018
Solomon Davis,Cape Verde,45.0,0.65,0.0963,9.0,-16.824,1,0.0577,0.951,0.101,0.189,119.448,253333.3,3,2020
pizzagirl,car freshener aftershave,36.0,0.603,0.724,7.0,-6.843,1,0.0265,0.00135,0.184,0.387,129.984,243868.0,4,2020
Arlo Parks,Caroline,60.0,0.596,0.576,10.0,-7.955,1,0.0388,0.376,0.107,0.485,160.176,216933.0,4,2020
fun.,Carry On,58.0,0.388,0.694,5.0,-5.769,1,0.0735,0.118,0.082,0.365,145.434,278373.0,5,2012
Galleons,Casablanca,38.0,0.434,0.908,7.0,-3.387,1,0.0664,0.000124,0.0842,0.559,152.022,236472.0,4,2020
TTNG,Cat Fantastic,41.0,0.521,0.803,9.0,-6.264,1,0.0387,0.0528,0.254,0.698,127.894,293987.0,4,2020
Dua Saleh,cat scratch,40.0,0.406,0.484,7.0,-9.195,1,0.101,0.503,0.652,0.265,75.067,119261.0,4,2022
"Jimmy ""Duck"" Holmes",Catfish Blues,39.0,0.665,0.47,2.0,-8.498,1,0.0376,0.444,0.116,0.581,87.97,251528.0,4,2019
B.B. King,Chains And Things,58.0,0.56,0.241,4.0,-15.385,0,0.0314,0.593,0.122,0.341,79.537,293733.0,4,1970
Celestial Teapot,Change Is Constant,16.0,0.381,0.404,7.0,-12.227,1,0.0324,0.314,0.112,0.0739,108.029,404696.0,4,2019
NOVACUB,Change Your Mind,37.0,0.372,0.94,4.0,-3.586,0,0.14,0.00178,0.154,0.49,163.099,201543.0,4,2020
Dust Bolt,Chaos Possession,23.0,0.209,0.979,8.0,-3.594,1,0.0774,4.52E-05,0.317,0.517,139.775,233665.0,4,2012
Sam Tompkins,Charlie,49.0,0.786,0.321,2.0,-8.452,1,0.0807,0.711,0.114,0.658,87.99,201818.0,4,2023
Foo Fighters,Chasing Birds,56.0,0.62,0.532,2.0,-7.297,1,0.023,0.0392,0.112,0.369,143.993,252293.0,4,2021
Snow Patrol,Chasing Cars,70.0,0.56,0.595,9.0,-4.53,1,0.0274,0.199,0.132,0.144,104.011,267960.0,4,2006
The Runaways,Cherry Bomb,68.0,0.501,0.813,11.0,-8.192,1,0.0639,0.0455,0.131,0.495,136.59,138707.0,4,1976
Lords Of The Underground,Chief Rocka,59.0,0.89,0.716,1.0,-9.673,1,0.296,0.174,0.0657,0.656,99.987,247400.0,4,1993
Jets To Brazil,Chinatown,45.0,0.443,0.415,9.0,-8.808,1,0.0294,0.00464,0.125,0.239,122.522,335933.0,4,2000
Mahesh Raghvan,Chinnanchiru Kiliye,22.0,0.488,0.55,9.0,-11.406,0,0.0359,0.0241,0.129,0.125,181.99,329141.7,3,2022
Kenny Burrell,Chitlins Con Carne,54.0,0.803,0.335,8.0,-13.331,1,0.0451,0.579,0.0849,0.786,132.682,330440.0,4,1963
WurlD,CHOP N PRAY,43.0,0.599,0.654,2.0,-5.008,1,0.0717,0.361,0.227,0.327,97.943,179080.0,4,2020
If I Could Only Fly,"Ciaran Lavery, Joshua Burnside",40.0,0.533,0.138,5.0,-15.481,1,0.0356,0.824,0.459,0.127,92.35,449166.7,4,2018
Britney Spears,Circus,75.0,0.791,0.733,6.0,-5.215,0,0.052,0.147,0.0713,0.761,114.98,320600.0,4,2008
Marc Barreca,City Of Red Sand,25.0,0.163,0.198,7.0,-20.693,0,0.0359,0.899,0.108,0.0867,82.968,403980.0,3,1991
"Invent, Animate",Cloud Cascade,41.0,0.486,0.961,5.0,-4.234,0,0.0831,0.00022,0.0904,0.219,116.024,249078.0,4,2020
Bryan Adams,Cloud Number Nine,50.0,0.59,0.72,2.0,-7.127,1,0.0263,0.0641,0.183,0.617,109.644,225573.0,4,1999
Moon Fever,Cocaine,45.0,0.48,0.879,11.0,-4.67,0,0.0933,8.87E-05,0.0828,0.289,141.063,143400.0,4,2018
Nailbomb,Cockroaches,43.0,0.221,0.861,7.0,-10.138,1,0.0678,0.000174,0.345,0.289,186.416,310493.0,4,1994
Novocaine,Codeine,24.0,0.333,0.88,4.0,-7.791,1,0.065,0.0023,0.127,0.266,168.138,283250.0,4,2019
Mississippi John Hurt,Coffee Blues,43.0,0.611,0.0785,9.0,-20.543,1,0.0503,0.964,0.0903,0.763,104.233,227733.0,4,1928
Albert Collins,"Cold, Cold Feeling",55.0,0.713,0.281,3.0,-11.057,0,0.0379,0.137,0.111,0.397,148.301,318840.0,3,1960
Peter Netz,Come Join Me For A Coffee,24.0,0.667,0.103,9.0,-16.431,1,0.0654,0.973,0.0915,0.364,61.758,307351.7,4,2022
Matt Nathanson,Come On Get Higher,71.0,0.672,0.623,9.0,-5.699,1,0.0297,0.241,0.0848,0.617,92.018,215173.0,4,2003
Ritchie Valens,"Come On, Let's Go",55.0,0.616,0.724,9.0,-8.101,1,0.042,0.788,0.128,0.809,81.402,207645.0,3,1958
Avril Lavigne,Complicated,78.0,0.585,0.776,5.0,-5.898,1,0.0459,0.0572,0.3,0.427,77.987,244507.0,4,2002
Tim Atlas,Compromised,47.0,0.957,0.425,11.0,-8.002,0,0.0538,0.164,0.0656,0.961,108.971,226235.0,4,2018
Ayreon,Computer Eyes,42.0,0.501,0.69,4.0,-7.635,0,0.0314,0.00572,0.16,0.0492,96.988,436973.0,4,1996
Mannequin Pussy,Control,47.0,0.354,0.877,11.0,-4.817,1,0.065,0.00501,0.348,0.388,129.879,195130.0,4,2019
Puddle Of Mudd,Control,65.0,0.444,0.913,6.0,-3.452,1,0.0992,0.00308,0.38,0.569,163.689,230067.0,4,2001
La Femme,Cool Colorado,54.0,0.505,0.762,9.0,-7.15,1,0.0454,0.0415,0.117,0.477,81.454,232480.0,4,2021
Robben Ford,Cotton Candy,17.0,0.843,0.631,5.0,-6.176,0,0.0548,0.0401,0.125,0.894,125.024,235392.0,4,2021
YUNGBLUD,cotton candy,8.0,0.624,0.451,2.0,-5.397,1,0.0303,0.394,0.071,0.551,119.971,129256.0,4,2020
Jake Bugg,Country Song,41.0,0.414,0.172,9.0,-13.849,1,0.0323,0.969,0.115,0.386,89.176,109800.0,3,2012
Joe Bonamassa,Cradle Rock,44.0,0.411,0.91,2.0,-4.867,1,0.0392,0.000243,0.0931,0.613,106.675,230027.0,4,2005
Courting,Crass,35.0,0.434,0.837,6.0,-6.69,1,0.149,0.00598,0.0895,0.843,131.906,173760.0,4,2022
Ozzy Osbourne,Crazy Train - 2002 Version,30.0,0.468,0.932,9.0,-2.599,1,0.0621,0.00756,0.309,0.571,137.683,289893.0,4,1980
mxmtoon,creep,59.0,0.699,0.461,11.0,-8.382,1,0.0313,0.664,0.0872,0.0703,103.989,210600.0,4,2019
Jon Batiste,CRY,52.0,0.738,0.507,9.0,-6.991,0,0.0272,0.229,0.0724,0.7,80.015,237244.0,4,2021
Adrenaline Mob,Crystal Clear,36.0,0.509,0.935,7.0,-4.159,0,0.0434,0.0317,0.101,0.627,171.967,303453.0,4,2013
Steven Neevs,Cycles,19.0,0.41,0.991,5.0,-4.074,0,0.088,8.72E-05,0.0712,0.104,104.929,250317.0,4,2020
LCD Soundsystem,Daft Punk Is Playing at My House,60.0,0.92,0.914,7.0,-4.555,1,0.0444,0.0222,0.114,0.974,135.923,314557.0,4,2005
Helena,Damien Jurado,44.0,0.543,0.326,7.0,-13.847,1,0.0649,0.524,0.12,0.783,79.263,278621.7,4,2016
The Night Monitor,Dance of the Mince Pie Martians,36.0,0.535,0.829,5.0,-9.188,0,0.0332,0.65,0.373,0.377,93.941,254955.0,4,2020
Eddie Berman,Dancing in the Dark,57.0,0.463,0.153,2.0,-14.082,1,0.0385,0.903,0.152,0.254,73.506,398555.0,4,2021
Helstar,Dark Incarnation (Mother of the Night),20.0,0.319,0.945,4.0,-5.512,0,0.0677,0.000128,0.381,0.104,124.944,372333.0,4,2022
RVNT,Dead and Gone,26.0,0.466,0.953,3.0,-5.522,0,0.108,0.000663,0.562,0.39,105.042,177568.0,4,2018
Muddy Waters,Dealin' With the Devil,36.0,0.365,0.713,2.0,-6.984,1,0.114,0.597,0.971,0.324,82.434,470413.0,4,1973
Ibeyi,Deathless,39.0,0.771,0.629,2.0,-7.155,1,0.157,0.0392,0.0686,0.288,148.032,191427.0,4,2017
Peter Murphy,Deep Ocean Vast Sea,36.0,0.623,0.614,11.0,-12.875,0,0.0317,0.00344,0.279,0.803,119.548,249773.0,4,1990
Rob Zombie,Demon Speeding,54.0,0.549,0.81,11.0,-4.001,0,0.0328,0.000298,0.156,0.41,133.985,224307.0,4,2001
347aidan,Demons and Monsters,69.0,0.777,0.32,9.0,-11.824,0,0.0847,0.927,0.256,0.407,80.992,197902.0,4,2021
"StarBoi3, Doja Cat",Dick (feat. Doja Cat),84.0,0.647,0.608,9.0,-6.831,1,0.42,0.13,0.0584,0.474,125.994,292063.3,4,2021
Gordi,Dino's,40.0,0.591,0.745,7.0,-4.921,1,0.0405,0.0111,0.134,0.334,130.985,191282.0,4,2020
Gordi,Dino's,40.0,0.591,0.745,7.0,-4.921,1,0.0405,0.0111,0.134,0.334,130.985,191282.0,4,2020
Steely Dan,Dirty Work,69.0,0.631,0.354,1.0,-11.112,1,0.0313,0.795,0.0879,0.522,73.007,188693.0,4,1972
Little Feat,Dixie Chicken - Live,30.0,0.488,0.674,9.0,-8.366,1,0.0497,0.225,0.728,0.724,146.566,533667.0,4,1977
Sea Girls,Do You Really Wanna Know?,49.0,0.661,0.658,4.0,-5.859,1,0.0402,0.00302,0.862,0.813,119.978,178600.0,4,2020
Joan Jett & The Blackhearts,Do You Wanna Touch Me (Oh Yeah),54.0,0.572,0.836,11.0,-3.159,1,0.0867,0.0247,0.159,0.726,127.667,226520.0,4,1981
Antonio Amaya,Doce cascabeles,13.0,0.413,0.491,10.0,-8.164,1,0.0423,0.93,0.23,0.771,106.825,192120.0,4,1954
Jade Bird,Does Anybody Know,54.0,0.778,0.145,10.0,-11.95,0,0.0503,0.892,0.126,0.24,109.071,346560.0,4,2021
Argonaut & Wasp,Dog Days,43.0,0.78,0.653,2.0,-7.085,1,0.0311,0.42,0.0997,0.527,116.008,215293.0,4,2021
Skepta,Doin' It Again,39.0,0.774,0.727,1.0,-7.753,1,0.267,0.00692,0.17,0.847,138.117,229680.0,4,2020
Baby Queen,Dover Beach,53.0,0.581,0.831,1.0,-5.484,1,0.057,0.0814,0.078,0.665,99.913,218053.0,4,2021
The Gap,Down,14.0,0.565,0.572,5.0,-11.274,0,0.0418,0.0611,0.101,0.367,140.013,271693.0,4,2019
Thundercat,Dragonball Durag,68.0,0.648,0.59,2.0,-9.664,1,0.0942,0.697,0.111,0.401,81.045,181922.0,4,2020
The Coral,Dreaming of You,65.0,0.441,0.684,9.0,-7.495,0,0.031,0.374,0.108,0.971,199.001,141000.0,4,2002
Rammstein,Du riechst so gut,62.0,0.67,0.755,3.0,-7.416,1,0.031,0.000358,0.344,0.813,111.984,289267.0,4,1995
Blood Cultures,Dunk on Me,22.0,0.436,0.449,6.0,-8.255,1,0.0355,0.363,0.249,0.0787,90.104,174933.0,4,2005
Pit Pony,Dutch Courage,25.0,0.117,0.916,1.0,-3.281,1,0.0723,1.39E-05,0.219,0.423,151.886,270205.0,4,2020
Varetta Dillard,"Easy, Easy Baby",35.0,0.785,0.363,10.0,-8.018,1,0.0356,0.635,0.0537,0.682,118.587,158640.0,4,1959
"Darshan Raval, Rochak Kohli",Ek Ladki Ko Dekha Toh Aisa Laga,32.0,0.537,0.604,10.0,-7.576,1,0.054,0.757,0.322,0.41,173.915,258620.0,4,2019
Juanito Valderrama,El Emigrante (Bolero Flamenco),36.0,0.494,0.116,4.0,-15.359,0,0.0451,0.993,0.195,0.45,118.569,181293.0,4,1949
Drugstore,El President,41.0,0.391,0.63,8.0,-5.685,1,0.0308,0.00326,0.0991,0.242,147.587,171400.0,4,1998
Black Peaks,Electric Fires,27.0,0.31,0.989,7.0,-3.876,1,0.104,0.000607,0.328,0.146,181.958,201718.0,3,2018
LARRY PINK THE HUMAN,ELEVEN11_GTR_SONG,40.0,0.496,0.863,5.0,-5.256,1,0.0365,0.000169,0.348,0.438,140.037,222267.0,4,2020
Mae,Embers And Envelopes,46.0,0.554,0.82,7.0,-6.156,1,0.0486,0.114,0.204,0.372,120.893,258107.0,3,2003
Red Sun Rising,Emotionless,40.0,0.57,0.702,3.0,-6.22,0,0.0331,0.000703,0.112,0.539,91.972,262733.0,4,2015
Queensr√øche,Empire - Remastered 2003,49.0,0.315,0.895,2.0,-4.519,1,0.0924,0.00216,0.0596,0.432,79.628,324067.0,4,1990
All Them Witches,Enemy of My Enemy,45.0,0.245,0.97,10.0,-5.319,0,0.0965,0.00121,0.317,0.311,178.956,209644.0,4,2020
Metallica,Enter Sandman,74.0,0.579,0.824,6.0,-8.71,0,0.03,0.00206,0.059,0.635,123.331,552621.7,4,1991
Crimson Sun,Essence of Creation,34.0,0.511,0.955,1.0,-5.059,1,0.129,0.0004,0.263,0.291,151.937,220413.0,4,2015
"Saint Sister, Mahogany",Eternal Flame,46.0,0.59,0.195,3.0,-9.096,1,0.0296,0.831,0.123,0.191,77.982,270911.7,3,2019
Barbra Streisand,"Evergreen (Love Theme from ""A Star Is Born"") - Live",22.0,0.383,0.143,8.0,-20.641,1,0.0357,0.762,0.231,0.0933,115.736,305000.0,3,1976
The Police,Every Breath You Take,84.0,0.82,0.452,1.0,-9.796,1,0.0348,0.543,0.0714,0.74,117.401,253920.0,4,1983
Thom Southern,everything i wanted,27.0,0.528,0.766,9.0,-7.525,1,0.0353,0.0249,0.352,0.403,127.017,260907.0,4,2020
Memphis Minnie & Kansas Joe,Evil Devil Woman Blues,29.0,0.476,0.0708,9.0,-16.237,1,0.0541,0.995,0.147,0.495,145.089,194351.0,3,1931
Bellah,Evil Eye - A COLORS SHOW,55.0,0.595,0.511,1.0,-8.409,0,0.197,0.613,0.432,0.784,103.748,175195.0,4,2022
Santana,"Evil Ways - Live at The Woodstock Music & Art Fair, August 16, 1969",32.0,0.587,0.672,7.0,-11.698,1,0.0445,0.0226,0.503,0.913,127.48,240640.0,4,1969
Half Me,Exitwound,32.0,0.483,0.974,8.0,-2.832,1,0.159,0.000114,0.966,0.327,93.455,209197.0,4,2023
Jackie Hayes,eye 2 eye,48.0,0.638,0.666,4.0,-6.951,0,0.0392,0.00784,0.314,0.651,131.962,185455.0,4,2021
The Alan Parsons Project,Eye In The Sky,70.0,0.823,0.417,2.0,-12.643,1,0.032,0.562,0.0765,0.522,111.928,276280.0,4,1982
Noah Cunane,F*CK ABOUT IT,49.0,0.364,0.936,9.0,-4.281,1,0.146,0.000626,0.427,0.579,180.191,100608.0,4,2021
Limp Bizkit,Faith,61.0,0.428,0.781,1.0,-6.823,0,0.281,0.0675,0.615,0.709,93.244,146480.0,4,1999
Jeff Jensen,Fall Apart,27.0,0.765,0.312,7.0,-9.578,1,0.0374,0.533,0.12,0.277,121.957,267358.0,4,2015
Sons Of Apollo,Fall to Ascend,35.0,0.536,0.987,1.0,-4.369,1,0.121,1.94E-05,0.0707,0.278,130.016,306613.0,4,2017
Velvet Revolver,Fall to Pieces,63.0,0.464,0.887,6.0,-4.65,1,0.0499,0.000429,0.126,0.23,132.759,271240.0,4,2004
Chromeo,Fancy Footwork,48.0,0.686,0.902,5.0,-3.154,0,0.0304,0.00575,0.125,0.648,129.971,198020.0,4,2007
Iron Maiden,Fear Of The Dark,52.0,0.301,0.813,2.0,-8.786,0,0.0568,0.000674,0.197,0.236,109.25,436960.0,4,1998
Wake Up Hate,Feel Free to Miss Me,45.0,0.522,0.977,5.0,-2.586,0,0.18,0.00165,0.799,0.495,89.946,148419.0,4,2018
Skillet,Feel Invincible,73.0,0.603,0.886,5.0,-3.777,0,0.0837,0.00045,0.26,0.395,126.025,229933.0,4,2016
Josh Fudge,FEEL LIKE,58.0,0.592,0.733,5.0,-7.09,1,0.0544,0.109,0.591,0.695,104.977,188143.0,4,2021
blink-182,Feeling This,66.0,0.411,0.962,4.0,-5.952,1,0.0917,0.103,0.529,0.622,173.143,172646.0,4,2003
Dua Lipa,Fever,78.0,0.868,0.693,6.0,-7.052,0,0.181,0.0597,0.106,0.396,114.999,156911.0,4,2020
The Sunday Estate,Fight Me,36.0,0.493,0.763,2.0,-5.603,1,0.0344,5.19E-05,0.0986,0.215,127.948,241691.0,4,2020
Waxahatchee,Fire,55.0,0.5,0.451,7.0,-11.81,1,0.0529,0.674,0.138,0.186,84.566,217373.0,4,2020
Midnight Oil,First Nation (feat. Jessica Mauboy & Tasman Keith),31.0,0.65,0.747,9.0,-6.691,0,0.0283,0.0291,0.45,0.256,108.013,291507.0,4,2020
Buddy Guy,First Time I Met The Blues,34.0,0.459,0.634,7.0,-6.348,1,0.05,0.58,0.0547,0.725,99.961,137427.0,4,1960
Joeboy,Focus,52.0,0.818,0.512,7.0,-10.765,1,0.136,0.39,0.102,0.544,101.995,152941.0,4,2021
Pop Evil,Footsteps,62.0,0.632,0.72,2.0,-8.4,0,0.0838,0.0143,0.0696,0.749,91.965,262107.0,4,2013
Keb' Mo',For Better or Worse,32.0,0.558,0.322,7.0,-11.802,1,0.0343,0.754,0.11,0.286,73.868,205107.0,4,2000
Buffalo Springfield,For What It's Worth,76.0,0.653,0.519,2.0,-10.164,1,0.0497,0.406,0.101,0.822,98.883,153693.0,4,1966
The Teskey Brothers,Forever You and Me,58.0,0.509,0.467,8.0,-4.94,1,0.0331,0.436,0.0971,0.538,175.159,175593.0,3,2020
Petey Pablo,Freek-A-Leek,55.0,0.737,0.697,2.0,-3.716,1,0.254,0.0756,0.359,0.662,104.917,235187.0,4,2004
Rostam,From The Back of a Cab,54.0,0.686,0.873,1.0,-5.002,1,0.0916,0.356,0.0936,0.711,65.998,167320.0,4,2019
Death Blooms,Fuck Everything,40.0,0.599,0.979,1.0,-2.782,0,0.116,0.000425,0.301,0.226,105.979,190387.0,4,2021
Silent Child,Fuck You,64.0,0.617,0.557,10.0,-5.931,0,0.0381,0.155,0.48,0.355,143.912,183333.0,4,2020
Strangers of Necessity,Fundamental,39.0,0.878,0.266,11.0,-9.115,0,0.312,0.0932,0.0858,0.911,140.976,164250.0,4,2019
The Wrecks,Fvck Somebody,54.0,0.533,0.661,6.0,-5.196,0,0.0418,0.0239,0.347,0.603,142.079,181013.0,4,2020
Do Nothing,Gangs,14.0,0.797,0.536,1.0,-12.147,1,0.0613,0.00454,0.0856,0.842,110.042,300512.0,4,1952
Mr. Oizo,Gay Dentists,25.0,0.736,0.97,1.0,-4.955,1,0.128,0.000228,0.148,0.703,128.59,218493.0,4,2021
No Somos Marineros,Gemelos C√≥ctel,30.0,0.586,0.59,4.0,-8.834,1,0.0333,0.456,0.152,0.264,147.141,231640.0,5,2014
Layla Zoe,Gemini Heart,37.0,0.469,0.445,10.0,-8.452,1,0.0286,0.682,0.119,0.237,107.865,370760.0,3,2018
TOTO,Georgy Porgy,61.0,0.799,0.783,11.0,-7.703,0,0.0847,0.0519,0.127,0.918,97.207,247587.0,4,1978
Yuck,Get Away,30.0,0.468,0.693,9.0,-2.301,1,0.0378,0.00247,0.236,0.538,133.052,215573.0,4,2011
Billy Ocean,"Get Outta My Dreams, Get into My Car",63.0,0.666,0.91,4.0,-6.457,1,0.0399,0.0874,0.336,0.919,117.14,284373.0,4,1988
Katzin,Getaway,48.0,0.889,0.607,7.0,-6.834,1,0.0671,0.093,0.113,0.851,135.001,128000.0,4,2022
Emma McGrath,Getaway Train,37.0,0.498,0.222,2.0,-11.946,1,0.0348,0.978,0.106,0.224,121.761,228428.0,4,2022
Opeth,Ghost of Perdition,52.0,0.292,0.818,9.0,-6.227,0,0.0413,0.000697,0.0544,0.19,93.924,629480.0,3,2005
The Stooges,Gimme Danger - Alternate 'Violent' Iggy Mix,45.0,0.378,0.951,3.0,0.45,0,0.0566,0.00329,0.135,0.249,132.06,213093.0,4,1973
Terri Clark,Girls Lie Too - Greatest Hits Version,50.0,0.499,0.883,4.0,-4.742,1,0.0451,0.0689,0.163,0.533,138.801,357000.0,4,2005
The Heavy Eyes,God Damn Wolf Man,38.0,0.383,0.892,9.0,-5.613,0,0.0758,0.000643,0.409,0.75,82.979,169781.0,4,2015
The Beach Boys,God Only Knows - Remastered 1997 / Mono,71.0,0.521,0.487,6.0,-7.525,0,0.0299,0.253,0.0579,0.483,117.072,173040.0,4,1966
Son Seals,Going Back Home,35.0,0.379,0.505,2.0,-9.734,0,0.0362,0.84,0.612,0.893,172.141,423800.0,3,1975
Led Zeppelin,Going to California - Remaster,67.0,0.503,0.265,2.0,-15.913,1,0.0333,0.943,0.0867,0.522,78.044,212161.0,4,1971
Joe Louis Walker,Going To Canada,37.0,0.536,0.417,11.0,-13.785,0,0.123,0.72,0.312,0.758,95.997,234907.0,4,2008
The Staves,Good Woman,56.0,0.628,0.345,1.0,-12.505,1,0.0289,0.425,0.119,0.116,99.991,197640.0,4,2020
Pixies,Gouge Away,23.0,0.616,0.505,4.0,-13.394,1,0.0291,0.156,0.409,0.41,114.068,176843.0,4,1989
Piebald,Grace Kelly With Wings,28.0,0.316,0.885,9.0,-3.412,0,0.221,0.0106,0.0964,0.298,77.775,325520.0,4,2002
Huey Briss,Grace Park Legend (Norfside),37.0,0.567,0.639,3.0,-7.297,0,0.24,0.212,0.916,0.626,90.061,251568.0,4,2020
Lonnie Brooks,Greasy Man,20.0,0.723,0.354,5.0,-15.958,1,0.0382,0.55,0.115,0.842,81.47,356773.0,4,1996
Bongzilla,Greenthumb,41.0,0.23,0.95,8.0,-6.288,1,0.0657,0.000173,0.108,0.302,132.238,247013.0,4,2016
IDLES,Grounds,50.0,0.562,0.537,7.0,-6.273,0,0.073,0.00623,0.316,0.465,100.757,188716.0,4,2020
Ms. Lauryn Hill,"Guarding The Gates - From ""Queen & Slim: The Soundtrack""",48.0,0.322,0.74,11.0,-6.393,1,0.117,0.127,0.361,0.317,148.604,360312.0,4,2019
Nervosa,Guided by Evil,31.0,0.512,0.948,1.0,-7.587,1,0.0412,2.8E-05,0.342,0.134,100.043,210047.0,4,2018
Dwight Yoakam,"Guitars, Cadillacs",51.0,0.581,0.917,9.0,-3.519,1,0.0746,0.26,0.141,0.86,171.663,308733.3,3,1986
Quivers,Gutters Of Love,15.0,0.517,0.503,2.0,-8.642,1,0.0311,0.0117,0.129,0.548,121.217,244453.0,4,2020
DJ Chose,H2O,53.0,0.789,0.691,1.0,-5.315,0,0.153,0.236,0.353,0.512,158.059,151904.0,4,1998
Yehudit Ravitz,Hakol Beseder - Omri Smadar Remix,35.0,0.679,0.948,9.0,-6.095,1,0.0432,0.0355,0.0719,0.906,122.988,261132.0,4,2020
Islands,Hallways,40.0,0.681,0.735,10.0,-6.984,1,0.0332,0.343,0.351,0.725,106.085,173680.0,4,2012
Flobots,Handlebars,62.0,0.704,0.571,5.0,-7.136,1,0.0969,0.0222,0.101,0.524,141.888,206813.0,4,2008
Dashboard Confessional,Hands Down,62.0,0.463,0.827,3.0,-4.085,1,0.0437,0.013,0.0964,0.26,94.035,186867.0,4,2003
Cold War Kids,Hang Me Up To Dry,56.0,0.507,0.918,11.0,-2.815,0,0.0308,0.0179,0.504,0.676,92.39,218787.0,4,2006
Pharrell Williams,"Happy - From ""Despicable Me 2""",80.0,0.647,0.822,5.0,-4.662,0,0.183,0.219,0.0908,0.962,160.019,232720.0,4,2013
Magnus Öström,Happy and the Fall,32.0,0.487,0.609,10.0,-14.573,0,0.0271,0.522,0.12,0.529,91.677,559266.7,4,2020
Crafty 893,Happy Belated,30.0,0.679,0.307,8.0,-13.473,1,0.227,0.0783,0.113,0.165,163.94,196098.0,4,2021
Pom Pom Squad,Head Cheerleader,44.0,0.525,0.922,7.0,-6.136,1,0.0735,0.000167,0.77,0.494,142.971,188243.0,4,2020
Beyond The Black,Heart of the Hurricane,44.0,0.491,0.833,2.0,-5.743,0,0.0422,4.69E-05,0.294,0.334,140.005,219998.0,4,2018
Eric Church,Heart On Fire,65.0,0.653,0.927,8.0,-4.699,1,0.0289,0.0352,0.0966,0.894,119.97,431333.3,4,2021
Tate McRae,Heather - Spotify Singles,63.0,0.569,0.271,10.0,-10.969,1,0.0271,0.886,0.103,0.352,91.888,190652.0,4,2020
Lacuna Coil,Heaven's a Lie,52.0,0.426,0.881,4.0,-3.458,0,0.0403,0.0011,0.124,0.384,140.004,286533.0,4,2002
Nikki Hill,Heavy Hearts Hard Fists,33.0,0.759,0.573,6.0,-5.924,1,0.0276,0.383,0.116,0.864,117.551,197640.0,4,2020
Reverend And The Makers,Heavyweight Champion of the World,56.0,0.546,0.838,9.0,-2.406,1,0.0407,0.00606,0.104,0.761,132.969,205227.0,4,2007
The Guild,Heir to the Serpent,29.0,0.227,0.982,2.0,-4.534,1,0.135,0.000306,0.13,0.0576,110.05,263183.0,4,2019
Tyler Leads,Hellhounds,27.0,0.293,0.978,5.0,-4.882,1,0.087,5.51E-05,0.518,0.514,141.714,174378.0,4,2020
Metric,Help I'm Alive,60.0,0.565,0.877,5.0,-4.561,0,0.0614,0.00813,0.26,0.389,118.484,285920.0,4,2009
Backstreet Boys,Helpless When She Smiles - Radio Version,48.0,0.393,0.849,11.0,-4.114,1,0.0459,0.00421,0.162,0.222,74.028,409311.7,4,2007
David Bowie,Heroes - 2017 Remaster,75.0,0.49,0.758,7.0,-6.491,1,0.0297,0.000671,0.092,0.435,112.114,371413.0,4,1977
Fountains Of Wayne,Hey Julie,54.0,0.739,0.554,7.0,-5.668,1,0.0363,0.39,0.0785,0.978,137.013,156933.0,4,2003
stef,"hi, my name is lonely.",48.0,0.864,0.69,7.0,-5.097,0,0.102,0.00861,0.212,0.566,126.035,170667.0,4,2021
Cry Of Love,Highway Jones,39.0,0.611,0.675,11.0,-10.327,1,0.0378,0.00282,0.238,0.605,127.746,312200.0,4,1993
Island Apollo,Hold It Down,40.0,0.571,0.719,8.0,-7.193,0,0.0288,0.00274,0.19,0.613,91.984,238508.0,4,2016
Santana,Hold On,54.0,0.671,0.516,7.0,-15.981,0,0.0519,0.488,0.138,0.711,124.699,261027.0,4,1982
Arlo Parks,Hope,57.0,0.59,0.521,1.0,-8.823,0,0.0335,0.404,0.357,0.423,99.165,270067.0,4,2021
T. Rex,Hot Love,55.0,0.565,0.543,11.0,-8.505,0,0.0376,0.0839,0.0867,0.486,130.983,295480.0,4,1971
Jools,How Can Some Experience What Pride Is Without Liberation for All?,40.0,0.477,0.941,8.0,-4.152,1,0.0623,0.00287,0.123,0.466,74.959,212743.0,4,2021
KennyHoopla,how will i rest in peace if i'm buried by a highway?//,63.0,0.479,0.844,1.0,-4.338,0,0.0819,0.0134,0.195,0.49,159.852,218533.0,4,2020
Mohammed Rafi,Hum Laye Hain Toofan Se,5.0,0.567,0.301,4.0,-13.676,1,0.0502,0.984,0.133,0.892,138.052,486845.0,3,1962
Sjowgren,Human Condition,46.0,0.561,0.798,10.0,-4.619,0,0.0389,0.0219,0.109,0.422,93.028,131619.0,4,2021
Tim McGraw,Humble And Kind,68.0,0.355,0.48,11.0,-7.31,1,0.0282,0.679,0.12,0.137,100.956,432111.7,3,2015
Trick or Treat,Hungarian Hangover,33.0,0.489,0.93,5.0,-4.834,1,0.11,0.00178,0.338,0.401,95.083,232067.0,4,2020
MS MR,Hurricane,53.0,0.564,0.68,2.0,-6.487,1,0.0357,0.231,0.247,0.262,89.938,226373.0,4,2013
Three Days Grace,I Am Machine,68.0,0.402,0.97,2.0,-4.538,0,0.0668,1.29E-05,0.189,0.476,75.106,200147.0,4,2015
The Beatles,I Am The Walrus,63.0,0.401,0.556,2.0,-10.532,1,0.0513,0.0828,0.589,0.654,85.206,275867.0,4,1967
Willie Dixon,I Can't Quit You Baby,50.0,0.469,0.236,7.0,-16.981,1,0.0364,0.407,0.215,0.415,82.232,399173.0,4,1956
Buttering Trio,I Cried For You,42.0,0.736,0.554,7.0,-8.79,1,0.17,0.135,0.103,0.435,98.989,243663.0,4,2016
John Lee Hooker,I Didn't Know - Live,31.0,0.585,0.716,4.0,-8.755,0,0.0787,0.0214,0.985,0.578,137.919,198040.0,4,1960
Gucci Mane,I Get the Bag (feat. Migos),73.0,0.89,0.633,11.0,-5.475,1,0.168,0.0232,0.0993,0.425,139.948,233087.0,4,2017
The Bamboos,I Got Burned,37.0,0.759,0.738,9.0,-5.255,0,0.051,0.0435,0.23,0.771,120.038,260853.0,4,2004
George Thorogood,I Got My Eyes On You,41.0,0.405,0.905,2.0,-2.572,1,0.0327,5.43E-05,0.235,0.705,157.228,214067.0,4,2006
Gabby Barrett,I Hope (feat. Charlie Puth),70.0,0.554,0.576,6.0,-6.495,1,0.0399,0.171,0.159,0.409,74.942,209763.0,4,2020
DIAMANTE,I Love Myself For Hating You,41.0,0.554,0.85,3.0,-5.621,0,0.0418,0.0006,0.0665,0.653,133.958,183173.0,4,2016
Toby Keith,I Love This Bar,64.0,0.608,0.825,2.0,-6.303,1,0.0419,0.024,0.346,0.454,115.049,558888.3,4,2003
Hockey Dad,I Missed Out,41.0,0.291,0.963,10.0,-3.881,0,0.0726,0.000146,0.173,0.306,86.187,213448.0,4,2020
Ramones,I Wanna Be Sedated - 2002 Remaster,61.0,0.597,0.96,11.0,-3.989,1,0.042,0.169,0.105,0.937,163.017,149467.0,4,1978
CAN,I Want More,41.0,0.806,0.6,9.0,-11.02,1,0.0535,0.0251,0.0408,0.932,113.544,214227.0,4,1976
The Early November,I Want To Hear You Sad,39.0,0.507,0.748,1.0,-5.264,1,0.0303,0.00604,0.176,0.743,92.653,210053.0,4,2020
Citizen,I Want to Kill You,50.0,0.584,0.876,10.0,-3.635,0,0.0652,0.00698,0.0895,0.703,149.976,192107.0,4,2021
Laura Zocca,I Want You Back,51.0,0.41,0.0938,4.0,-13.782,1,0.0462,0.896,0.118,0.294,178.318,277398.3,3,2020
Céline Dion,I'm Alive - Live,32.0,0.608,0.773,8.0,-7.074,1,0.0792,0.126,0.99,0.435,101.99,428111.7,4,2008
Sudan Archives,Iceland Moss - A COLORS SHOW,40.0,0.64,0.437,4.0,-9.796,0,0.0331,0.225,0.0796,0.15,80.007,211875.0,4,2020
Sugar,If I Can't Change Your Mind,40.0,0.357,0.992,5.0,-3.663,1,0.0555,0.123,0.14,0.77,160.916,198933.0,4,1992
Sena Ehrhardt,If Trouble Was Money,33.0,0.355,0.541,7.0,-6.715,0,0.0358,0.262,0.0929,0.386,179.436,349067.0,3,2018
Forest Blakk,If You Love Her,76.0,0.286,0.445,6.0,-8.087,1,0.0347,0.355,0.114,0.278,50.827,217352.0,4,2020
"Lata Mangeshkar, Kishore Kumar",Ik Rasta Hai Zindagi,18.0,0.478,0.5,7.0,-11.133,0,0.0497,0.139,0.401,0.694,116.691,528578.3,4,1970
Pantera,Immortally Insane,40.0,0.352,0.915,8.0,-3.727,1,0.0586,4.13E-05,0.208,0.264,82.589,311083.0,4,2000
Mot√∂rhead,In the Name of Tragedy,53.0,0.449,0.994,8.0,-4.836,1,0.0824,0.000106,0.102,0.447,149.91,183640.0,4,2004
The Goon Sax,In the Stone,36.0,0.649,0.798,11.0,-5.589,0,0.0264,0.136,0.269,0.792,111.941,247051.0,4,2020
Scorpions,In Trance,46.0,0.588,0.698,10.0,-5.92,1,0.0353,0.026,0.343,0.223,136.312,230013.0,4,2019
Doctor Ross,Industrial Boogie,4.0,0.598,0.448,7.0,-11.325,1,0.0463,0.822,0.294,0.444,100.785,157720.0,4,1952
Goldfinger,Infinite,50.0,0.465,0.972,8.0,-3.68,1,0.141,0.00146,0.361,0.632,169.982,145075.0,4,2020
Van Morrison,Into the Mystic,72.0,0.608,0.524,8.0,-10.266,1,0.0309,0.367,0.115,0.797,86.204,342688.3,4,1970
Masati,Intoxicated Truth,36.0,0.685,0.669,1.0,-6.126,1,0.0355,0.729,0.112,0.38,110.003,176727.0,4,2020
The Sword,Iron Swan,39.0,0.267,0.671,5.0,-7.422,1,0.0436,3.14E-05,0.128,0.38,162.124,346093.0,4,2006
Department S,Is Vic There?,39.0,0.488,0.744,9.0,-13.597,0,0.0455,0.00201,0.312,0.759,149.43,186773.0,4,1980
HEALTH,ISN‚ÄôT EVERYONE,63.0,0.459,0.698,2.0,-8.079,0,0.051,0.0294,0.139,0.165,147.954,314719.0,4,2021
HEALTH,ISN‚ÄôT EVERYONE,63.0,0.459,0.698,2.0,-8.079,0,0.051,0.0294,0.139,0.165,147.954,314719.0,4,2021
Ozzy Osbourne,It's A Raid (feat. Post Malone),50.0,0.472,0.996,1.0,-0.578,1,0.16,0.00687,0.392,0.114,117.004,260017.0,4,2020
No Doubt,It's My Life,47.0,0.606,0.75,8.0,-4.535,0,0.0306,0.00264,0.321,0.771,126.316,225867.0,4,2003
Wendy Marcini,It's Your Smile,52.0,0.274,0.351,8.0,-12.784,1,0.0362,0.957,0.126,0.128,59.043,293286.7,4,2019
Bombino,Iyat Ninhay / Jaguar (A Great Desert I Saw),40.0,0.215,0.832,11.0,-6.76,0,0.0504,0.000958,0.519,0.668,78.063,367185.0,4,2016
Elvis Presley,Jailhouse Rock,68.0,0.647,0.582,10.0,-9.538,0,0.0755,0.41,0.0715,0.915,167.396,244133.3,4,1957
TOOL,Jambi,63.0,0.475,0.831,9.0,-7.419,0,0.0505,0.000145,0.346,0.521,110.42,448613.0,3,2006
Outkast,Jazzy Belle,58.0,0.878,0.65,11.0,-8.08,0,0.252,0.0178,0.0408,0.101,92.03,251667.0,4,1998
Eyedress,Jealous,79.0,0.474,0.91,9.0,-10.431,0,0.0462,0.00498,0.476,0.745,93.01,122339.0,4,2019
Master KG,"Jerusalema (feat. Micro TDH, Greeicy & Nomcebo Zikode) [Remix]",60.0,0.841,0.587,1.0,-6.489,1,0.0435,0.00351,0.0669,0.802,124.006,218982.0,4,2020
Master KG,Jerusalema (feat. Nomcebo Zikode),80.0,0.88,0.483,1.0,-7.012,1,0.0505,0.0185,0.0607,0.827,124.009,342613.0,4,2019
Coheed and Cambria,Jessie's Girl 2 (feat. Rick Springfield),45.0,0.479,0.929,2.0,-4.155,1,0.0716,0.0109,0.0819,0.674,155.185,231578.0,4,2020
The Primeridian,Jigsaw,32.0,0.802,0.877,1.0,-6.477,1,0.247,0.117,0.484,0.54,94.2,252200.0,4,2020
Visions,José González,53.0,0.516,0.243,2.0,-11.832,1,0.0319,0.872,0.0999,0.204,97.526,392955.0,4,2020
Hildegard,Jour 3,33.0,0.602,0.45,3.0,-10.715,1,0.266,0.857,0.278,0.486,158.032,186544.0,4,2021
DaVido,Jowo,63.0,0.552,0.656,10.0,-4.941,1,0.204,0.706,0.0744,0.804,67.379,176471.0,3,2020
The War and Treaty,Jubilee,45.0,0.55,0.123,2.0,-11.093,1,0.0313,0.86,0.106,0.307,79.06,142853.0,4,2020
Lizzo,Juice,77.0,0.767,0.889,7.0,-2.988,1,0.0963,0.00611,0.402,0.843,119.93,195145.0,4,2019
The Strokes,Juicebox,59.0,0.462,0.981,2.0,-2.371,0,0.127,0.00166,0.0856,0.547,154.995,194573.0,4,2005
Kris Kross,Jump,67.0,0.749,0.745,2.0,-10.625,1,0.164,0.000501,0.333,0.481,101.972,195107.0,4,1992
Phil Vassar,Just Another Day In Paradise,61.0,0.596,0.706,2.0,-5.562,1,0.0261,0.359,0.36,0.705,146.095,389800.0,4,2000
Bass Drum of Death,Just Business,37.0,0.531,0.976,7.0,-7.339,1,0.0448,0.000175,0.392,0.527,115.029,244800.0,4,2018
"Moe Bandy, Joe Stampley",Just Good Ol' Boys,37.0,0.607,0.598,10.0,-8.875,1,0.0739,0.665,0.136,0.733,151.233,258711.7,4,1982
For Tracy Hyde,Just Like Fireflies,30.0,0.342,0.875,2.0,-3.623,1,0.0789,0.000112,0.103,0.46,149.139,160262.0,4,2016
The M√∂nic,Just Mad,29.0,0.324,0.798,2.0,-8.417,1,0.031,0.0518,0.256,0.534,168.132,172217.0,4,2019
"Rekha, Vinod Khanna, Ram P. Sethi",Kahiye Zohara Begum (with Dialogues),5.0,0.534,0.291,5.0,-20.118,0,0.565,0.993,0.547,0.328,134.596,1999355.0,5,1971
Ballaké Sissoko,Kalanso,30.0,0.332,0.112,9.0,-17.317,0,0.0371,0.986,0.118,0.467,91.801,329355.0,4,2003
MOD SUN,Karma,60.0,0.461,0.825,8.0,-3.583,1,0.115,0.0246,0.224,0.412,198.045,159394.0,4,2020
BeatKing,Keep It Poppin (feat. Ludacris & Queendom Come),58.0,0.897,0.575,1.0,-4.954,1,0.367,0.0298,0.0874,0.127,148.066,158189.0,4,2021
MC5,Kick out the Jams,39.0,0.329,0.806,1.0,-11.925,1,0.0596,0.0565,0.355,0.619,142.625,181760.0,4,1969
PUP,Kids,39.0,0.783,0.693,10.0,-7.764,0,0.0972,0.131,0.0171,0.854,108.022,345528.0,4,2019
Britney Spears,Kill the Lights,47.0,0.741,0.622,8.0,-5.878,1,0.0404,0.00887,0.15,0.625,122.013,398688.3,4,2008
Lilith Czar,King,47.0,0.439,0.726,4.0,-6.53,0,0.042,0.000518,0.0857,0.403,99.054,207386.0,4,2021
Charley Pride,Kiss an Angel Good Mornin',49.0,0.684,0.498,4.0,-10.836,1,0.03,0.708,0.365,0.905,131.855,205221.7,4,1971
Sixpence None The Richer,Kiss Me,76.0,0.526,0.749,3.0,-6.964,1,0.0283,0.023,0.0692,0.421,99.982,208680.0,4,1998
Cherym,Kisses On My Cards,25.0,0.459,0.953,4.0,-5.578,1,0.0724,0.000121,0.135,0.512,142.003,189248.0,4,2021
Phoebe Bridgers,Kyoto (Copycat Killer Version),50.0,0.149,0.299,11.0,-11.163,1,0.0351,0.92,0.202,0.273,83.734,181213.0,5,2021
Marilina Bertoldi,La Casa de A,53.0,0.592,0.449,9.0,-8.249,1,0.0344,0.00601,0.0734,0.617,179.994,196072.0,4,2020
La Rata Bluesera,La Daga,30.0,0.582,0.622,9.0,-10.752,0,0.0465,0.128,0.616,0.619,95.221,242190.0,4,2016
Nessa Barrett,la di die (feat. jxdn),80.0,0.484,0.643,1.0,-4.72,1,0.0416,0.0036,0.243,0.345,163.97,195191.0,4,2021
Sila Lua,La Mano,31.0,0.519,0.366,8.0,-14.319,1,0.0497,0.598,0.117,0.372,79.789,191748.0,4,2021
"Suresh Wadkar, Anupama",Lagi Aaj Sawan Ki,32.0,0.436,0.693,7.0,-7.41,0,0.0448,0.877,0.146,0.351,93.885,358778.3,4,1990
Fragile Animals,Landing,26.0,0.522,0.874,4.0,-6.037,0,0.0312,0.000638,0.327,0.361,119.997,232333.0,4,2019
Angel Olsen,Lark,35.0,0.444,0.561,7.0,-8.383,1,0.0323,0.00294,0.226,0.0431,98.992,378827.0,4,2019
King Crimson,Larks' Tongues In Aspic (Part I),37.0,0.321,0.27,7.0,-15.777,1,0.0844,0.371,0.0864,0.0748,154.058,815675.0,4,1973
Good Charlotte,Last December,56.0,0.408,0.949,8.0,-3.187,0,0.168,0.000142,0.26,0.341,155.124,189060.0,4,2020
Shanice Green,Last Forever,35.0,0.719,0.386,9.0,-9.401,0,0.0613,0.716,0.0905,0.278,144.951,226132.0,3,2020
Papa Roach,Last Resort,81.0,0.589,0.89,4.0,-3.719,0,0.0603,0.000481,0.201,0.692,90.598,199907.0,4,2000
Strange Girl,Laura Marling,53.0,0.682,0.74,2.0,-9.886,1,0.0445,0.286,0.0812,0.904,98.999,336488.3,4,2021
Lloyd Price,Lawdy Miss Clawdy,38.0,0.439,0.859,3.0,-4.847,1,0.0419,0.799,0.278,0.842,131.657,108827.0,4,1952
Unida,Left Us To Mold,36.0,0.214,0.942,5.0,-3.928,0,0.157,0.000359,0.0942,0.391,130.433,346117.0,4,1999
Long Blue Light,Leif Vollebekk,63.0,0.552,0.485,9.0,-9.111,1,0.0332,0.517,0.164,0.51,71.548,333621.7,4,2017
"Steve Aoki, Backstreet Boys",Let It Be Me,37.0,0.661,0.758,7.0,-5.299,1,0.0864,0.0797,0.106,0.387,114.098,373435.0,4,2020
Eric Clapton,Let It Rain,53.0,0.442,0.616,2.0,-11.417,1,0.0294,0.111,0.0993,0.746,122.267,301267.0,4,1970
DYLYN,Let You,30.0,0.534,0.704,8.0,-5.199,1,0.0361,0.012,0.247,0.685,168.169,186513.0,4,2022
Trick Daddy,Let's Go (feat. Big D & Twista),67.0,0.748,0.767,11.0,-7.806,0,0.172,0.0267,0.334,0.519,133.929,222200.0,4,2004
Castaways,"Liar, Liar",40.0,0.525,0.623,7.0,-6.253,0,0.0291,0.247,0.148,0.839,144.583,115925.0,4,1965
The Doors,Light My Fire,73.0,0.413,0.725,3.0,-5.787,0,0.0324,0.369,0.0905,0.44,124.618,429760.0,4,1967
The Right Thing Is Hard To Do,Lightning Bug,42.0,0.413,0.44,4.0,-9.951,1,0.0299,0.0663,0.126,0.271,140.482,378041.7,4,2020
Ellie Goulding,Lights - Single Version,65.0,0.682,0.795,8.0,-6.17,0,0.0367,0.0297,0.131,0.78,120.008,210853.0,4,2010
Lola Marsh,Like in the Movies,34.0,0.425,0.587,11.0,-6.134,1,0.0284,0.112,0.0988,0.288,81.017,229800.0,4,2017
Long Distance Calling,Lines (feat. Petter Carlsen),37.0,0.45,0.925,4.0,-4.599,0,0.054,4.22E-05,0.308,0.189,165.96,281760.0,4,2019
The Cranberries,Linger,76.0,0.439,0.434,7.0,-14.918,1,0.0265,0.0783,0.14,0.204,94.845,274707.0,4,1993
Lewis Watson,little light - acoustic version,50.0,0.67,0.294,7.0,-8.114,1,0.0341,0.685,0.147,0.515,119.856,256415.0,4,2014
Radish,Little Pink Stars,23.0,0.272,0.931,4.0,-3.715,0,0.0592,0.000237,0.269,0.428,145.877,288693.0,4,1996
Good Charlotte,Little Things,64.0,0.686,0.84,1.0,-5.142,1,0.159,0.0601,0.164,0.704,105.0,203027.0,4,2000
Sada Baby,Little While (feat. Big Sean & Hit-Boy),47.0,0.834,0.888,7.0,-3.944,1,0.222,0.00308,0.288,0.563,114.92,219192.0,4,2020
Architects,Little Wonder,62.0,0.533,0.967,1.0,-3.762,0,0.102,0.000232,0.109,0.477,130.052,227813.0,4,2021
Justin Quiles,Loco,68.0,0.77,0.899,8.0,-2.981,1,0.0494,0.222,0.0894,0.851,128.05,231604.0,4,2021
System Of A Down,Lonely Day,60.0,0.458,0.783,8.0,-3.226,0,0.0322,0.346,0.13,0.224,113.072,167907.0,3,2005
Sanford Clark,Lonesome For A Letter,23.0,0.698,0.608,7.0,-9.719,1,0.0361,0.186,0.261,0.635,109.893,112693.0,4,1956
"Michael Brook, Nusrat Fateh Ali Khan",Longing,18.0,0.48,0.551,2.0,-11.776,1,0.0422,0.415,0.0727,0.0954,91.973,559333.3,4,1995
Sugarcult,Los Angeles,55.0,0.509,0.817,10.0,-5.472,0,0.0502,0.000439,0.0947,0.597,155.199,237573.0,4,2001
Crippled Black Phoenix,Lost,41.0,0.493,0.727,4.0,-7.763,0,0.0475,0.000152,0.333,0.256,120.002,491180.0,4,2020
TiaCorine,Lotto - Part 2,39.0,0.874,0.613,11.0,-9.722,0,0.0981,0.00366,0.204,0.285,89.987,159987.0,4,2020
heffy,love & venom too (feat. paqrat),37.0,0.561,0.703,11.0,-4.884,0,0.0546,0.00602,0.211,0.329,150.047,104800.0,4,2023
The Who,Love Ain't For Keeping,44.0,0.554,0.818,2.0,-6.864,1,0.0362,0.0779,0.341,0.512,142.339,130720.0,4,1971
Lukas Graham,Love Someone,73.0,0.538,0.409,9.0,-6.581,0,0.0505,0.172,0.11,0.265,171.838,205440.0,4,2018
Van Halen,Love Walks In,57.0,0.2,0.434,9.0,-14.274,0,0.0294,0.263,0.117,0.37,83.876,310933.0,4,1986
Joy Division,Love Will Tear Us Apart,69.0,0.443,0.956,2.0,-6.198,1,0.0511,5.24E-05,0.135,0.909,146.754,206867.0,4,1980
Exodus,Low Rider - War Cover,38.0,0.413,0.973,6.0,-5.776,0,0.135,3.46E-05,0.104,0.684,158.193,164880.0,4,1990
Eli Sostre,Made It (Can't Stay),41.0,0.668,0.458,1.0,-8.345,0,0.0494,0.436,0.0884,0.401,120.033,184163.0,4,2019
Silverstein,Madness,44.0,0.385,0.922,5.0,-4.705,0,0.107,0.000131,0.246,0.501,170.131,218280.0,4,2020
Karthik,Maha Ganapathim,24.0,0.472,0.71,7.0,-8.167,1,0.0479,0.218,0.231,0.543,179.952,386266.7,4,2009
Richie Kotzen,Make It Easy,37.0,0.505,0.908,5.0,-4.717,0,0.0561,3.71E-05,0.207,0.494,123.928,204733.0,4,2020
PUBLIC,Make You Mine - Acoustic,63.0,0.721,0.389,9.0,-8.558,1,0.0279,0.755,0.136,0.465,98.003,209093.0,4,2017
B.B. King,Makin' Love Is Good For You,15.0,0.636,0.83,7.0,-5.722,1,0.0422,0.562,0.154,0.617,119.816,227707.0,4,2000
Air Supply,Making Love Out of Nothing at All,70.0,0.388,0.72,7.0,-5.541,1,0.033,0.202,0.283,0.554,141.283,341747.0,4,1983
Harish Sivaramakrishnan,Malhar Jam,32.0,0.448,0.686,2.0,-7.411,1,0.0406,0.146,0.107,0.228,123.641,614578.3,4,2020
Snarls,Marbles,39.0,0.381,0.436,5.0,-6.731,1,0.0329,0.0118,0.133,0.453,183.923,149077.0,3,2020
The Appleseed Cast,Marigold & Patchwork,32.0,0.34,0.957,2.0,-3.872,1,0.063,0.000164,0.376,0.224,161.357,349427.0,4,2011
Muddy Waters,Mean Old Frisco Blues,37.0,0.686,0.757,11.0,-7.337,0,0.0267,0.707,0.653,0.896,107.712,225200.0,4,1956
Kill the Ideal,Meds,27.0,0.37,0.933,7.0,-3.348,1,0.0884,0.000115,0.311,0.168,159.972,209625.0,4,2022
Buddy Guy,Meet Me in Chicago,21.0,0.512,0.914,2.0,-3.404,1,0.0525,0.0162,0.148,0.753,97.028,225667.0,4,2013
Kishore Kumar,Meet Na Mila Re Man Ka,24.0,0.523,0.492,6.0,-12.688,1,0.0707,0.832,0.126,0.781,81.663,433845.0,4,1971
Alaska Reid,Mermaid Tears - Midnight,28.0,0.348,0.368,2.0,-11.761,1,0.046,0.843,0.399,0.0488,140.122,200571.0,4,2023
Cage The Elephant,Mess Around,61.0,0.423,0.931,11.0,-5.225,0,0.0539,0.0119,0.629,0.61,150.385,173173.0,4,2015
MISSIO,Middle Fingers,50.0,0.517,0.553,1.0,-5.135,1,0.0329,0.000104,0.133,0.0775,139.26,215200.0,4,2017
Hot Hot Heat,Middle of Nowhere,49.0,0.568,0.971,7.0,-3.478,1,0.0543,0.0518,0.265,0.778,139.27,241333.0,4,2005
Aisha Badru,Mind on Fire,49.0,0.345,0.132,7.0,-13.633,1,0.052,0.865,0.114,0.0414,208.648,194320.0,4,2018
Mino Conte & Co,Misty Morning,52.0,0.489,0.228,5.0,-16.06,1,0.0328,0.903,0.124,0.18,73.636,322676.7,4,2000
Joji,MODUS,67.0,0.738,0.533,7.0,-7.617,1,0.0492,0.183,0.115,0.262,132.008,207265.0,4,2020
Lata Mangeshkar,Mohe Panghat Pe,25.0,0.392,0.271,7.0,-10.284,1,0.0478,0.993,0.205,0.739,184.748,394730.0,3,1949
Zen Guerrilla,Moonage Daydream,34.0,0.159,0.978,1.0,-3.937,1,0.09,0.00267,0.118,0.294,158.146,301973.0,4,1999
We Are PIGS,Moot,43.0,0.404,0.727,2.0,-4.942,0,0.0421,0.000651,0.358,0.277,91.778,245664.0,4,2020
Karl Hector & The Malcouns,Mother Seletta,36.0,0.361,0.91,9.0,-7.914,1,0.0943,0.0338,0.122,0.305,108.168,486861.0,4,2014
Badflower,Move Me,53.0,0.283,0.677,11.0,-5.535,0,0.0347,0.0722,0.19,0.188,81.246,204029.0,5,2021
Wheel,Movement,35.0,0.523,0.81,1.0,-5.717,1,0.0474,0.000676,0.243,0.185,128.915,264003.0,4,2020
Blind Willie McTell,Mr. McTell Got the Blues - 2003 Remastered,30.0,0.614,0.136,10.0,-14.095,1,0.038,0.913,0.0891,0.527,113.967,137693.0,4,1927
Beach Bunny,Ms. California,51.0,0.582,0.859,4.0,-3.943,1,0.0399,0.000209,0.0841,0.61,121.968,172037.0,4,2018
Beach Bunny,Ms. California,51.0,0.582,0.859,4.0,-3.943,1,0.0399,0.000209,0.0841,0.61,121.968,172037.0,4,2020
Bubba Sparxxx,Ms. New Booty,63.0,0.64,0.62,1.0,-5.931,1,0.416,0.016,0.0831,0.609,129.37,252653.0,5,2005
Hardcastle,Mundane,48.0,0.598,0.751,6.0,-5.869,1,0.0327,0.0299,0.139,0.671,120.033,187768.0,4,2021
The White Stripes,My Doorbell,57.0,0.614,0.663,8.0,-9.965,1,0.0352,0.29,0.0986,0.823,97.083,241867.0,4,2005
Ronnie Milsap,My Heart,45.0,0.713,0.43,11.0,-10.432,1,0.0268,0.381,0.217,0.475,95.284,269645.0,4,1984
Hayley Williams,My Limb,54.0,0.719,0.529,5.0,-8.029,0,0.0303,0.216,0.0976,0.401,145.006,173423.0,4,2021
Limp Bizkit,My Way,71.0,0.576,0.864,6.0,-3.981,1,0.0462,0.02,0.683,0.609,97.225,272973.0,4,2000
RKCB,Naive,47.0,0.64,0.582,1.0,-9.529,1,0.041,0.716,0.328,0.085,100.024,213250.0,4,2019
Indosoul by Karthick Iyer,Need I Say More,24.0,0.315,0.712,1.0,-8.193,0,0.0541,0.0325,0.37,0.417,131.509,380815.0,3,2017
Talia Goddess,Never Wanna Fall,31.0,0.467,0.51,6.0,-10.471,1,0.103,0.16,0.136,0.557,100.832,281538.0,3,2022
Them Crooked Vultures,New Fang,58.0,0.278,0.961,7.0,-3.845,1,0.0607,7.36E-06,0.0268,0.752,189.664,228639.0,4,2009
Imagine Dragons,Next To Me,70.0,0.301,0.672,2.0,-4.497,1,0.0623,0.28,0.0609,0.384,169.497,230289.0,3,2018
Beck,Nicotine & Gravy,38.0,0.714,0.851,11.0,-4.107,0,0.0623,0.00249,0.228,0.675,95.092,312600.0,4,1999
Ephemerald,No Fall Is Too Deep,19.0,0.247,0.899,2.0,-7.322,1,0.0716,2.48E-06,0.188,0.0399,180.087,294832.0,4,2021
Yuno,No Going Back,61.0,0.714,0.708,2.0,-5.524,0,0.027,0.0112,0.0609,0.902,93.005,208200.0,4,2018
MOY,No Talk's the Best Chat,32.0,0.65,0.706,1.0,-5.886,0,0.0384,0.0146,0.128,0.328,110.978,167658.0,4,2020
Mavis Staples,No Time For Cryin' - Live,36.0,0.756,0.875,7.0,-7.132,1,0.0743,0.35,0.686,0.753,115.257,322022.0,4,2008
Chernikovskaya Hata,Nochnoe Randevu,50.0,0.56,0.801,9.0,-8.789,0,0.0273,0.0385,0.313,0.834,129.953,208000.0,4,2021
GRAZER,Nostalgia Seed,35.0,0.46,0.853,11.0,-9.045,1,0.0385,0.118,0.194,0.578,159.026,181321.0,4,2022
The OBGMs,Not Again,25.0,0.463,0.957,2.0,-4.55,1,0.0491,0.000469,0.368,0.663,95.048,140691.0,4,2020
Papa Roach,Not The Only One,46.0,0.531,0.956,2.0,-3.727,0,0.109,0.0191,0.0738,0.629,160.036,205473.0,4,2015
Kenny Wayne Shepherd,Nothing But The Night,32.0,0.688,0.756,4.0,-6.046,0,0.0323,0.164,0.121,0.883,110.981,293507.0,4,2004
Time Binding Ensemble,Nychthemera in A Major,27.0,0.212,0.249,5.0,-15.673,1,0.0402,0.978,0.19,0.0382,118.718,220500.0,4,2019
Son Little,O Me O My,47.0,0.807,0.63,9.0,-8.401,0,0.046,0.0589,0.104,0.404,127.969,172863.0,4,2015
Yellowcard,Ocean Avenue,73.0,0.486,0.904,6.0,-3.751,0,0.0638,3.43E-05,0.0947,0.786,173.734,198267.0,4,2003
Shamir,Ocean Eyes,37.0,0.346,0.594,7.0,-7.44,1,0.0662,0.228,0.0964,0.362,176.051,203728.0,4,2018
In This Moment,Oh Lord,51.0,0.445,0.882,4.0,-4.979,1,0.109,0.0258,0.0824,0.573,144.28,247960.0,4,2017
Metro Marrs,Oh Yea,47.0,0.664,0.561,8.0,-7.72,0,0.0506,0.145,0.143,0.489,146.207,144800.0,4,2021
Lime Cordiale,On Our Own,57.0,0.705,0.692,9.0,-7.271,1,0.0303,0.00149,0.137,0.772,125.933,216636.0,4,2020
blink-182,On Some Emo Shit,53.0,0.475,0.826,11.0,-6.121,0,0.0532,0.0222,0.659,0.422,167.071,189693.0,4,2021
Canned Heat,On The Road Again,60.0,0.466,0.182,9.0,-19.537,1,0.0457,0.879,0.341,0.216,128.811,199640.0,4,1968
Doss,On Your Mind,47.0,0.825,0.569,5.0,-8.334,0,0.0483,0.0617,0.094,0.502,123.013,246183.0,4,2021
All Time Low,Once In A Lifetime,68.0,0.492,0.911,1.0,-3.891,0,0.113,0.015,0.345,0.429,168.024,189543.0,4,2021
Blaq Jerzee,One Leg Up,49.0,0.774,0.725,8.0,-2.844,0,0.064,0.0261,0.0341,0.747,114.025,195789.0,4,2022
Alfie Templeman,One More Day,50.0,0.404,0.36,8.0,-8.44,1,0.226,0.644,0.085,0.308,161.028,269480.0,4,2021
Ghetts,One Take,41.0,0.633,0.817,6.0,-8.952,1,0.337,0.212,0.0874,0.888,141.998,112061.0,4,2021
Oceanhoarse,One with the Gun,35.0,0.4,0.947,7.0,-5.327,1,0.0525,1.21E-06,0.216,0.277,89.439,190430.0,4,2020
The Lumineers,Ophelia,56.0,0.664,0.573,5.0,-6.519,1,0.0277,0.613,0.0857,0.566,76.023,266828.3,4,2016
Meek Mill,Otherside Of America,60.0,0.73,0.772,5.0,-3.883,0,0.316,0.0878,0.401,0.403,147.053,218103.0,4,2020
Black Myself,"Our Native Daughters, Amythyst Kiah, Rhiannon Giddens, Leyla McCalla, Allison Russell",34.0,0.772,0.533,11.0,-6.088,0,0.035,0.182,0.0914,0.862,144.913,390333.3,4,2019
Maximo Park,Our Velocity,53.0,0.535,0.92,7.0,-4.39,0,0.0535,0.031,0.0493,0.587,95.987,200387.0,4,2007
Joanne Shaw Taylor,Outlaw Angel,19.0,0.502,0.864,10.0,-4.673,0,0.038,0.353,0.229,0.392,112.97,262413.0,4,2016
The OBGMs,Outsah,32.0,0.46,0.949,7.0,-5.59,1,0.084,0.00141,0.234,0.214,146.051,113752.0,4,2019
Catfish and the Bottlemen,Pacifier,59.0,0.459,0.883,9.0,-4.1,1,0.0476,0.000491,0.118,0.338,147.943,237533.0,4,2014
Lewis Del Mar,Painting (Masterpiece),56.0,0.726,0.861,6.0,-5.167,1,0.0695,0.277,0.0534,0.711,91.966,243413.0,4,2020
Lata Mangeshkar,Panchhi Banoon Udti Phiroon,11.0,0.359,0.61,2.0,-8.359,1,0.0692,0.799,0.491,0.91,171.854,455178.3,3,1949
The Amenta,Parasight Lost,12.0,0.308,0.993,7.0,-5.372,1,0.138,1.84E-06,0.412,0.0962,126.01,320947.0,3,2017
Bring Me The Horizon,Parasite Eve,69.0,0.589,0.797,9.0,-5.464,1,0.15,0.0289,0.383,0.232,102.489,291813.0,4,2020
Agnes Obel,Parliament Of Owls,42.0,0.212,0.239,11.0,-17.042,0,0.0365,0.919,0.149,0.117,119.345,249586.7,3,2020
Elizabeth,parties,37.0,0.336,0.543,2.0,-8.483,0,0.0544,0.171,0.0661,0.258,136.92,208553.0,4,2019
"Kim André Arnesen, Mona Spigseth, Alex Robson, TrondheimSolistene, Sofi Jeannin",Peace,29.0,0.159,0.145,9.0,-17.25,0,0.045,0.71,0.148,0.0938,175.436,450311.7,4,2021
Saint Slumber,peachy,44.0,0.482,0.733,4.0,-5.317,1,0.0446,0.0384,0.281,0.343,150.154,203200.0,4,2020
Gary Clark Jr.,Pearl Cadillac,48.0,0.411,0.458,3.0,-6.289,0,0.0357,0.646,0.0987,0.0833,119.689,305533.0,4,2019
SWMRS,PEOPLE (feat. FIDLAR),40.0,0.583,0.958,11.0,-4.421,0,0.176,0.0164,0.454,0.393,151.015,169067.0,4,2019
Deep Purple,Perfect Strangers,66.0,0.521,0.721,2.0,-7.699,1,0.0254,0.00348,0.391,0.611,97.578,328427.0,4,1984
The Shins,Phantom Limb,57.0,0.515,0.848,9.0,-4.835,1,0.0375,0.000486,0.0946,0.475,119.84,287567.0,4,2006
Fenix TX,Phoebe Cates,36.0,0.234,0.978,7.0,-3.724,1,0.269,7.8E-05,0.361,0.305,190.446,220267.0,4,1999
Satyr,Picayune - Instrumental,27.0,0.278,0.961,6.0,-3.88,0,0.12,5.85E-05,0.106,0.424,112.565,231798.0,3,2019
"Kid Rock, Sheryl Crow",Picture (feat. Sheryl Crow),69.0,0.692,0.496,7.0,-7.332,1,0.0241,0.172,0.107,0.376,97.945,498266.7,4,2002
Battering Ram,Pieces,29.0,0.553,0.941,7.0,-5.312,1,0.073,0.000226,0.127,0.5,108.735,222155.0,3,2021
Pretty Maids,Please Don't Leave Me,46.0,0.505,0.873,1.0,-7.197,0,0.0357,0.0415,0.213,0.52,120.047,315000.0,4,1990
American Authors,Pocket Full Of Gold,60.0,0.608,0.945,11.0,-3.858,1,0.0483,0.00433,0.0773,0.682,115.933,180213.0,4,2014
Green Day,Pollyanna,61.0,0.507,0.96,9.0,-6.224,1,0.0354,9.36E-05,0.208,0.967,135.024,195018.0,4,2021
SOPHIE,Ponyboy,50.0,0.823,0.381,1.0,-7.372,1,0.0889,0.000497,0.14,0.46,107.996,194438.0,4,2017
R.E.M.,Pop Song 89,45.0,0.608,0.679,2.0,-10.808,1,0.0314,0.0023,0.0591,0.961,128.024,184933.0,4,1989
Helge Lien Trio,Popkoral,41.0,0.367,0.116,5.0,-21.437,1,0.0336,0.95,0.104,0.188,134.488,445596.7,4,2020
Nada Surf,Popular,53.0,0.444,0.884,7.0,-6.104,1,0.119,0.00751,0.116,0.296,94.82,220587.0,4,1996
DaBaby,PRACTICE,77.0,0.849,0.536,1.0,-7.307,1,0.349,0.0239,0.126,0.308,141.964,122587.0,4,2020
The Horrors,Press Enter To Exit,49.0,0.513,0.64,5.0,-10.156,0,0.0295,0.000133,0.158,0.366,87.984,355175.0,4,2018
The Milkshakes,Pretty Baby,22.0,0.333,0.849,8.0,-7.532,1,0.0545,0.103,0.325,0.782,121.12,134040.0,4,2019
Paul McCartney,Pretty Boys (feat. Khruangbin),56.0,0.696,0.979,11.0,-5.338,0,0.0445,0.00244,0.116,0.962,101.021,348859.0,4,2021
Dream State,Primrose,50.0,0.449,0.92,11.0,-5.601,0,0.0837,0.00286,0.337,0.208,145.976,264457.0,4,2019
Cobi,Prophet Story,40.0,0.576,0.478,10.0,-4.028,1,0.027,0.724,0.127,0.241,95.864,218992.0,4,2022
Cryptosis,Prospect of Immortality,26.0,0.409,0.943,6.0,-6.833,1,0.0961,2.26E-05,0.216,0.167,134.997,381543.0,4,2021
Tina Turner,Proud Mary,67.0,0.397,0.499,2.0,-10.972,1,0.0685,0.0766,0.111,0.367,171.067,327400.0,4,1970
Darkthrone,Quintessence,44.0,0.149,0.738,7.0,-5.273,0,0.051,0.00395,0.122,0.276,137.351,456907.0,4,1995
Arctic Monkeys,R U Mine?,79.0,0.288,0.758,6.0,-5.692,0,0.0371,0.00616,0.303,0.619,97.094,201726.0,4,2012
R.E.M.,Radio Free Europe,42.0,0.361,0.645,4.0,-15.931,1,0.0461,0.00278,0.11,0.874,154.868,245667.0,4,1981
P!nk,Raise Your Glass,78.0,0.7,0.709,7.0,-5.006,1,0.0839,0.0048,0.0289,0.625,122.019,202960.0,4,2010
Dean Beard,Rakin and Scrapin,22.0,0.573,0.733,7.0,-9.721,1,0.0753,0.749,0.139,0.858,179.85,140275.0,4,1957
Blondie,Rapture,46.0,0.722,0.7,11.0,-8.241,0,0.05,0.111,0.545,0.946,107.505,299293.0,4,1980
King Gizzard & The Lizard Wizard,Rattlesnake,39.0,0.58,0.963,11.0,-5.918,1,0.0388,0.0311,0.396,0.814,170.593,468093.0,4,2017
Proxy,Raven,11.0,0.345,0.698,1.0,-8.214,1,0.171,0.00735,0.14,0.0395,127.992,354129.0,4,2007
Ronnie Atkins,Real,32.0,0.494,0.967,9.0,-6.492,1,0.0545,0.000245,0.396,0.595,126.052,238960.0,4,2021
Public Enemy,Rebel Without A Pause,50.0,0.755,0.692,7.0,-13.906,1,0.346,0.0127,0.69,0.651,99.771,302800.0,4,1987
Arcade Fire,Rebellion (Lies),65.0,0.401,0.933,8.0,-5.682,1,0.0344,0.00744,0.318,0.734,127.193,310893.0,4,2005
Ephemerald,Reborn,26.0,0.362,0.885,5.0,-6.898,0,0.0464,1.01E-06,0.367,0.185,145.029,260993.0,4,2021
Nick Cave & The Bad Seeds,Red Right Hand,62.0,0.735,0.403,4.0,-11.599,0,0.037,0.139,0.107,0.453,115.658,370573.0,4,1994
Masato(coldrain),REMEMBER,53.0,0.383,0.944,1.0,-5.552,0,0.154,0.00105,0.282,0.332,150.577,243333.0,4,2020
Jonas Brothers,Remember This,72.0,0.669,0.629,1.0,-5.018,0,0.0803,0.217,0.366,0.294,110.865,297036.7,4,2021
The Strokes,Reptilia,75.0,0.489,0.649,9.0,-5.11,1,0.0336,0.000603,0.101,0.77,158.009,219827.0,4,2003
Tayla Parx,Residue,39.0,0.908,0.4,5.0,-8.34,0,0.29,0.569,0.11,0.597,105.063,146333.0,4,2020
Heartless Bastards,Revolution,44.0,0.234,0.846,2.0,-3.984,1,0.0673,0.178,0.159,0.233,97.005,376490.0,4,2021
Adrian Younge,Revolutionize,18.0,0.509,0.874,11.0,-4.515,0,0.0437,0.0687,0.431,0.692,136.051,202033.0,4,2020
A$AP Rocky,Rich Nigga Problems,68.0,0.619,0.561,5.0,-7.824,0,0.417,0.103,0.45,0.587,74.861,217294.0,4,2021
Catch Your Breath,Ricochet,42.0,0.403,0.971,2.0,-4.947,1,0.288,0.000182,0.152,0.147,200.073,186000.0,4,2023
Cassia,Right There,51.0,0.895,0.49,11.0,-8.458,1,0.0451,0.383,0.0661,0.781,115.07,182936.0,4,2021
Social Distortion,Ring of Fire,55.0,0.336,0.942,5.0,-9.252,0,0.0492,0.0114,0.0833,0.703,179.874,230773.0,4,1990
The Rolling Stones,Rip This Joint,45.0,0.548,0.952,2.0,-2.958,1,0.0422,0.118,0.301,0.906,98.04,143293.0,4,1972
Public Image Ltd.,Rise,52.0,0.533,0.739,7.0,-9.361,1,0.0561,0.00299,0.475,0.636,86.345,378373.0,4,1986
The Doors,Roadhouse Blues,71.0,0.623,0.633,9.0,-8.212,1,0.0304,0.336,0.147,0.895,121.119,243827.0,4,1970
Go Ahead And Die,Roadkill,30.0,0.34,0.95,6.0,-6.344,1,0.0793,1.49E-05,0.341,0.254,127.043,396366.0,4,2021
Mighty Joe Young,Rock Me Baby,34.0,0.588,0.711,2.0,-8.368,1,0.0404,0.118,0.039,0.907,106.389,238627.0,4,1993
TOTO,Rosanna,71.0,0.365,0.513,7.0,-13.034,0,0.0357,0.0208,0.205,0.739,80.647,552000.0,4,1982
Korn,Rotting In Vain,49.0,0.498,0.946,2.0,-4.793,1,0.0602,0.000121,0.359,0.31,106.275,213000.0,4,2016
Strand of Oaks,Ruby,29.0,0.46,0.653,9.0,-6.526,1,0.0337,0.217,0.156,0.342,116.905,247800.0,4,2020
MAGIC!,Rude,81.0,0.773,0.758,1.0,-4.993,1,0.0381,0.0422,0.305,0.925,144.033,224840.0,4,2013
girl in red,Rue,68.0,0.579,0.77,4.0,-9.163,0,0.0586,0.12,0.172,0.275,125.011,216832.0,4,2020
DMX,Ruff Ryders' Anthem,2.0,0.86,0.795,10.0,-3.89,0,0.272,0.0438,0.0493,0.695,91.029,212053.0,4,2020
John Mellencamp,Rumbleseat,44.0,0.684,0.92,5.0,-2.699,1,0.0282,0.0437,0.0986,0.966,129.277,297378.3,4,1985
James Gillespie,Run,41.0,0.452,0.359,9.0,-8.388,0,0.0367,0.719,0.255,0.338,109.505,212520.0,3,2019
The Killers,Run For Cover,62.0,0.466,0.951,5.0,-3.314,1,0.125,0.0016,0.351,0.499,165.107,222147.0,4,2017
Big Joe Turner,"S.K. Blues, Pt. 1",33.0,0.619,0.268,10.0,-9.96,1,0.0772,0.987,0.306,0.61,87.213,181307.0,4,1946
The Lumineers,Salt And The Sea,53.0,0.63,0.31,9.0,-9.253,1,0.028,0.704,0.128,0.0712,93.067,270893.0,4,1985
SD Muni,Same Bros,50.0,0.864,0.631,5.0,-6.924,0,0.381,0.225,0.166,0.699,144.066,173333.0,4,2019
Sam Ezeh,Sapphire Alley,47.0,0.675,0.622,10.0,-6.251,1,0.0234,0.247,0.107,0.662,108.002,202778.0,4,2023
"Sonu Nigam, Kavita Krishnamurthy",Satarangi Re,44.0,0.695,0.504,3.0,-14.057,0,0.115,0.0944,0.269,0.345,91.022,742533.3,4,1999
DEAR MOTHER,Satellite,41.0,0.469,0.86,1.0,-7.417,1,0.0591,3.95E-05,0.152,0.245,122.027,210240.0,4,2021
Ali Farka Tour√©,Savane,47.0,0.776,0.279,4.0,-10.45,0,0.0615,0.772,0.0567,0.509,135.866,463267.0,4,2006
Shinedown,Save Me - Acoustic,51.0,0.6,0.492,11.0,-6.972,0,0.0284,0.558,0.244,0.287,116.016,202080.0,4,2005
Emma-Jean Thackray,Say Something,44.0,0.419,0.608,10.0,-9.957,0,0.054,0.798,0.129,0.341,125.144,229500.0,1,2021
Goody Grace,Scumbag - Acoustic,52.0,0.498,0.448,2.0,-9.079,1,0.035,0.465,0.241,0.676,85.991,209421.0,4,2020
Britney Spears,Seal It with a Kiss,40.0,0.644,0.734,2.0,-5.234,0,0.0554,0.175,0.0484,0.56,124.988,343866.7,4,2007
The Stooges,Search and Destroy - Iggy Pop Mix,53.0,0.235,0.977,6.0,0.878,1,0.107,0.00353,0.172,0.241,152.952,208133.0,4,1973
Chris Cornell,Seasons,48.0,0.474,0.422,10.0,-10.476,1,0.0297,0.198,0.145,0.2,152.112,345627.0,4,1992
YONAKA,Seize the Power,63.0,0.633,0.788,5.0,-4.075,0,0.127,0.0111,0.0582,0.412,134.13,161617.0,4,2020
Nick Jonas,Selfish,66.0,0.65,0.714,11.0,-5.933,1,0.0274,0.124,0.095,0.427,132.009,187856.0,4,2021
Serena Isioma,Sensitive,74.0,0.601,0.649,7.0,-6.979,1,0.133,0.166,0.165,0.351,89.73,174720.0,4,2020
Foo Fighters,Shame Shame,62.0,0.652,0.864,7.0,-4.108,1,0.0325,0.00138,0.0371,0.38,122.026,257427.0,4,2020
The Flaming Lips,She Don't Use Jelly,60.0,0.33,0.556,7.0,-11.494,1,0.0796,0.207,0.315,0.506,173.828,222279.0,4,1993
Soulja Boy,She Make It Clap,74.0,0.941,0.471,1.0,-13.087,1,0.494,0.0308,0.0837,0.487,119.898,111550.0,4,2021
Buddy Guy,She's Got The Devil In Her,33.0,0.441,0.9,8.0,-4.03,1,0.095,0.0109,0.253,0.465,119.141,310729.0,3,1991
Prem Joshua,Shiva Moon (Prem Joshua & Maneesh de Moor's Moon Nectar Remix),32.0,0.641,0.894,6.0,-8.385,1,0.048,0.0373,0.0587,0.174,129.958,824378.3,4,2002
Paladin,Shoot for the Sun,27.0,0.182,0.962,8.0,-5.271,1,0.136,1.94E-05,0.157,0.214,168.042,241824.0,4,2019
Brothers Osborne,Shoot From The Hip,1.0,0.602,0.951,7.0,-4.807,1,0.0559,0.0588,0.311,0.534,148.097,213827.0,4,2014
Kasabian,Shoot the Runner,55.0,0.526,0.776,7.0,-4.169,1,0.0852,0.000431,0.334,0.524,131.194,207373.0,4,2006
Maeve,Sick,25.0,0.647,0.374,4.0,-11.81,0,0.0351,0.46,0.118,0.158,95.055,160547.0,4,2020
moe.,Silver Sun,46.0,0.384,0.733,9.0,-8.267,0,0.0358,0.0956,0.219,0.524,99.865,581167.0,4,1997
Lazy Days,Sinking,25.0,0.725,0.561,11.0,-10.829,0,0.0333,0.219,0.0453,0.71,120.063,108298.0,4,2018
Buddy Guy,Sit and Cry (The Blues),2.0,0.534,0.514,8.0,-8.628,1,0.0388,0.766,0.107,0.323,104.878,183533.0,4,1958
Dead Meadow,Sleepy Silver Door,40.0,0.365,0.632,11.0,-6.574,1,0.0303,0.444,0.127,0.289,129.545,452747.0,4,2000
The Verve,Slide Away,41.0,0.306,0.635,2.0,-7.566,1,0.032,0.017,0.0769,0.221,150.1,243453.0,4,1997
AJ Fullerton,Slippin' Away,24.0,0.4,0.814,10.0,-4.631,1,0.0804,0.288,0.118,0.492,110.006,205153.0,4,2021
Ghost King,Slither,27.0,0.358,0.845,8.0,-8.258,1,0.0632,0.549,0.106,0.398,170.051,141628.0,4,2016
Foghat,Slow Ride,67.0,0.493,0.586,2.0,-13.916,1,0.046,0.0202,0.102,0.656,113.618,232533.0,4,1975
Caligula's Horse,Slow Violence,36.0,0.472,0.832,1.0,-7.223,0,0.0724,0.000958,0.0345,0.58,191.987,270213.0,4,2020
Nirvana,Smells Like Teen Spirit,82.0,0.502,0.912,1.0,-4.556,1,0.0564,2.55E-05,0.106,0.72,116.761,301920.0,4,1991
Monjola,Smile,47.0,0.824,0.506,2.0,-11.637,0,0.226,0.139,0.0733,0.863,115.977,175862.0,4,2020
Wolf Alice,Smile,60.0,0.368,0.769,4.0,-5.002,1,0.0731,0.000153,0.0657,0.378,187.239,196804.0,4,2020
IRE,Smile and Watch It Burn,25.0,0.501,0.963,11.0,-4.228,0,0.105,0.000153,0.0852,0.203,114.992,261652.0,4,2023
Abby Sage,Smoke Break,31.0,0.573,0.452,11.0,-6.642,1,0.0312,0.196,0.124,0.149,76.014,207353.0,4,2021
Mako,Smoke Filled Room - Acoustic Session,31.0,0.735,0.43,9.0,-9.532,1,0.0349,0.573,0.111,0.522,129.942,316100.0,4,2015
Snot,Snot,52.0,0.584,0.976,1.0,-3.868,1,0.156,0.00432,0.333,0.535,140.304,201933.0,4,1997
The Atomic Bitchwax,So Come On,41.0,0.293,0.928,2.0,-4.865,0,0.095,4.2E-05,0.197,0.507,106.113,251973.0,4,2019
Reyanna Maria,So Pretty,67.0,0.799,0.543,10.0,-6.094,0,0.24,0.0512,0.134,0.25,187.906,142903.3,4,2020
The Shins,So Says I,51.0,0.462,0.754,7.0,-3.361,1,0.0459,0.00843,0.118,0.475,110.397,168533.0,3,2003
Earl St. Clair,Sober,37.0,0.475,0.723,10.0,-2.738,0,0.0521,0.0917,0.0634,0.745,176.996,179311.0,3,2016
Bappi Lahiri,Sochna Kya - Instrumental,30.0,0.289,0.0536,5.0,-15.224,1,0.038,0.959,0.239,0.227,134.304,146421.7,4,1990
Eddie Vedder,Society,68.0,0.561,0.327,11.0,-10.835,0,0.0327,0.902,0.111,0.298,161.858,236307.0,4,2007
Liily,Sold,41.0,0.491,0.839,11.0,-5.928,1,0.0386,0.0105,0.161,0.519,172.119,211511.0,4,2020
Backstreet Boys,Soldier,18.0,0.7,0.72,2.0,-4.372,1,0.0363,0.0919,0.33,0.647,114.979,389106.7,4,2013
rains,Solomon Crook,31.0,0.435,0.197,6.0,-10.988,0,0.0814,0.832,0.159,0.37,174.857,238701.7,4,2017
Jo Ann Kelly,Someday Baby Blues,30.0,0.515,0.48,1.0,-10.411,1,0.189,0.655,0.686,0.526,141.59,216187.0,4,1969
Duran Duran,Someone Else Not Me,37.0,0.465,0.606,2.0,-7.1,1,0.0243,0.00715,0.237,0.362,153.184,288747.0,4,2000
Adele,Someone Like You,80.0,0.556,0.319,9.0,-8.251,1,0.0281,0.893,0.0996,0.294,135.187,285240.0,4,2011
Peter Gregson,Somnia,51.0,0.0761,0.136,7.0,-23.502,1,0.0444,0.574,0.109,0.0381,81.738,198324.0,4,2015
Hockeysmith,Sorrelful,17.0,0.638,0.702,8.0,-4.233,0,0.108,0.0952,0.0662,0.662,98.804,152094.0,4,2020
Sueco,SOS (feat. Travis Barker),67.0,0.615,0.785,1.0,-4.88,1,0.0632,0.0186,0.166,0.369,150.03,169600.0,4,2020
Saint Jude,Soul On Fire,36.0,0.46,0.858,5.0,-4.495,1,0.0392,0.000233,0.0741,0.502,131.54,224773.0,4,2020
Still Dreams,Spell,21.0,0.622,0.814,9.0,-3.462,1,0.0329,0.0716,0.0789,0.746,109.987,239642.0,4,2020
Abra Cadabra,Spin This Coupe,61.0,0.676,0.828,10.0,-4.725,0,0.261,0.132,0.0822,0.544,139.974,161564.0,4,2020
Black Rebel Motorcycle Club,Spread Your Love,61.0,0.415,0.901,2.0,-3.124,1,0.0428,0.00987,0.136,0.424,128.216,225333.0,4,2001
Middle Kids,Stacking Chairs,39.0,0.549,0.758,8.0,-5.991,1,0.0262,0.0267,0.213,0.486,109.975,188347.0,4,2017
Thursday,Standing on the Edge of Summer,43.0,0.236,0.846,2.0,-4.534,1,0.0482,0.00011,0.0985,0.372,168.702,222040.0,4,2001
Pinkish Blu,Start a Band,39.0,0.581,0.812,5.0,-4.456,1,0.0365,0.0232,0.0865,0.622,133.992,183539.0,4,2020
Bay Ledges,Stay,36.0,0.695,0.654,4.0,-10.254,0,0.0523,0.379,0.177,0.946,86.016,212093.0,4,2019
Slow Pulp,Steel Birds,39.0,0.581,0.432,2.0,-7.305,1,0.0262,0.461,0.0972,0.253,140.062,203500.0,4,2020
Jelani Aryeh,Stella Brown,66.0,0.724,0.48,2.0,-7.537,1,0.0342,0.211,0.289,0.591,125.007,187415.0,4,2020
Oasis,Stop Crying Your Heart Out,67.0,0.38,0.573,2.0,-5.334,1,0.03,0.077,0.0776,0.0901,74.988,303133.0,4,2002
Electric Light Orchestra,Strange Magic,53.0,0.442,0.327,9.0,-12.831,0,0.0267,0.772,0.325,0.318,95.394,246053.0,4,1975
Kendre Streeter,Strange Stains,30.0,0.585,0.646,3.0,-8.809,0,0.056,0.00399,0.107,0.404,92.123,245243.0,4,2021
Charlie Hunter,Stranger Blues (feat. Dashawn Hickman),16.0,0.572,0.634,7.0,-8.446,1,0.108,0.332,0.116,0.787,187.889,176723.0,4,2021
Death Valley Girls,Street Justice,25.0,0.324,0.948,9.0,-4.609,1,0.0522,8.85E-06,0.165,0.342,90.542,160587.0,4,2020
Dry Cleaning,Strong Feelings,52.0,0.748,0.467,11.0,-9.253,0,0.0365,0.0208,0.0656,0.96,130.047,244533.0,4,2021
Kirk Fletcher,Struggle for Grace,37.0,0.486,0.586,2.0,-7.493,0,0.0396,0.0186,0.0496,0.321,177.802,313253.0,4,2022
Tyla Yaweh,Stuntin' On You (feat. DDG & Dame D.O.L.L.A.) - Remix,61.0,0.816,0.669,8.0,-5.943,1,0.3,0.00928,0.124,0.774,173.936,183141.0,4,2021
The Isley Brothers,Summer Breeze - Live,27.0,0.333,0.547,9.0,-11.288,0,0.0443,0.151,0.165,0.473,162.392,624493.0,4,1973
KURUPT FM,Summertime (feat. Craig David),60.0,0.545,0.872,3.0,-4.409,1,0.166,0.0395,0.394,0.799,98.069,205374.0,3,2021
Seasick Steve,Sun on My Face,44.0,0.44,0.184,4.0,-13.965,1,0.0612,0.863,0.0932,0.261,182.017,245933.0,3,2015
Lonely God,Sunday,51.0,0.719,0.738,11.0,-5.653,0,0.0391,0.0139,0.068,0.505,128.006,155391.0,4,2020
Duckwrth,Super Bounce,64.0,0.772,0.61,9.0,-6.175,0,0.206,0.239,0.124,0.747,74.519,218018.0,4,2021
AB6IX,SURREAL - Alternative Rock Mix,31.0,0.445,0.861,10.0,-4.045,0,0.0876,0.0644,0.0986,0.549,153.0,217494.0,4,2022
KURUPT FM,Suttin Like That - Instrumental,22.0,0.817,0.599,11.0,-10.213,0,0.438,0.0391,0.294,0.496,70.051,154927.0,4,2020
Westlife,Swear It Again - Radio Edit,13.0,0.626,0.532,9.0,-7.205,1,0.0275,0.296,0.123,0.33,130.071,413221.7,4,1999
Popa Chubby,Sweet Goddess of Love and Beer,33.0,0.683,0.684,9.0,-7.296,1,0.0515,0.257,0.135,0.854,110.426,279640.0,4,2001
The Velvet Underground,Sweet Jane,63.0,0.619,0.637,2.0,-7.369,1,0.0286,0.015,0.374,0.936,105.205,246307.0,4,1970
Guns N' Roses,Sympathy For The Devil,54.0,0.31,0.945,8.0,-6.714,1,0.168,0.0174,0.211,0.25,108.399,455560.0,4,1994
The Rolling Stones,Sympathy For The Devil,75.0,0.702,0.668,9.0,-9.237,1,0.214,0.518,0.0588,0.561,116.063,378147.0,4,1968
Albert Collins,T-Bone Shuffle,51.0,0.537,0.695,11.0,-9.88,1,0.0377,0.00393,0.084,0.77,131.307,295693.0,4,1969
"KK, Dominique",Tadap Tadap,46.0,0.468,0.462,2.0,-10.661,1,0.127,0.514,0.162,0.161,160.307,662955.0,3,1999
The Interrupters,Take Back The Power,51.0,0.383,0.974,11.0,-0.19,1,0.0985,0.142,0.168,0.682,185.07,200747.0,4,2014
Westlife,Take Me There,37.0,0.673,0.77,11.0,-4.071,1,0.0344,0.608,0.113,0.565,117.116,343111.7,4,2009
a-ha,Take On Me - Live,29.0,0.351,0.957,9.0,-5.282,1,0.159,0.00621,0.97,0.212,167.871,570978.3,4,1985
Rage Against The Machine,Take The Power Back,60.0,0.62,0.912,1.0,-4.011,1,0.221,0.0728,0.249,0.291,106.236,336440.0,4,1992
Vijay Prakash,Tandanana - Brahmam Okate,17.0,0.414,0.585,1.0,-7.315,1,0.0879,0.768,0.0897,0.742,168.025,532778.3,3,2016
Sl√∏tface,Tap the pack,23.0,0.401,0.822,9.0,-7.091,1,0.122,0.000147,0.0713,0.674,174.966,146520.0,4,2020
Selda Baƒücan,Tatlƒ± Dillim,45.0,0.559,0.325,9.0,-9.582,1,0.0385,0.987,0.131,0.496,98.535,120686.0,4,1975
Baba Zula,Tavus Havasi (Peacock Mood),29.0,0.658,0.801,7.0,-9.396,1,0.0638,0.00379,0.102,0.632,103.662,233588.0,4,2005
Shawn Mendes,Teach Me How To Love,71.0,0.592,0.885,9.0,-4.944,0,0.0807,0.0505,0.0843,0.731,98.991,202357.0,4,2021
5 Seconds of Summer,Teeth,79.0,0.749,0.461,10.0,-2.961,0,0.0416,0.0516,0.0738,0.42,139.02,204887.0,4,2019
Annie Taylor,Telephone,31.0,0.422,0.809,11.0,-6.389,0,0.0438,0.000118,0.149,0.728,174.92,168901.0,4,2020
Every Avenue,Tell Me I'm A Wreck,62.0,0.578,0.76,5.0,-2.307,1,0.0329,0.00188,0.142,0.7,127.904,219973.0,4,2011
Johnny Winter,"Tell The Truth - Live at The Woodstock Music & Art Fair, August 18, 1969",26.0,0.3,0.791,8.0,-9.993,1,0.114,0.246,0.707,0.691,153.036,411120.0,4,1969
John Petrucci,Temple Of Circadia,46.0,0.271,0.96,4.0,-5.308,0,0.088,0.000207,0.114,0.317,133.245,430213.0,3,2020
Magnus Karlsson‚Äôs Free Fall,Temples And Towers,28.0,0.273,0.955,7.0,-5.624,0,0.105,2.33E-05,0.334,0.198,199.948,337147.0,4,2020
Imminence,Temptation,58.0,0.173,0.929,2.0,-4.231,1,0.0727,0.00177,0.175,0.2,80.041,223188.0,4,2021
Michael Burks,Thank God For Fools,10.0,0.671,0.86,7.0,-5.381,1,0.0339,0.033,0.342,0.765,113.028,254000.0,4,2008
Bad Waitress,That Sedative,35.0,0.175,0.857,9.0,-4.325,0,0.0416,5.5E-06,0.353,0.43,170.136,141404.0,4,2020
Good Charlotte,The Anthem,74.0,0.494,0.939,1.0,-3.127,1,0.126,0.00666,0.139,0.893,177.751,175093.0,4,2002
Hollywood Vampires,The Boogieman Surprise,28.0,0.432,0.949,9.0,-3.152,1,0.056,0.00995,0.608,0.414,139.957,218267.0,4,2019
Coheed and Cambria,The Dark Sentencer,44.0,0.324,0.969,11.0,-5.26,0,0.167,0.00106,0.247,0.303,119.994,464520.0,4,2018
Opeth,The Drapery Falls,39.0,0.102,0.859,7.0,-6.119,1,0.0775,0.000351,0.0774,0.274,191.293,653867.0,3,2003
Beautify Junkyards,The Fountain,34.0,0.314,0.614,5.0,-9.619,0,0.0403,0.633,0.135,0.324,169.899,196892.0,4,2018
Weezer,The Good Life,54.0,0.539,0.893,6.0,-4.566,1,0.0423,0.14,0.339,0.683,135.76,257000.0,4,1996
Gilby Clarke,The Gospel Truth,19.0,0.646,0.861,11.0,-4.415,1,0.0984,0.019,0.074,0.802,130.044,236680.0,4,2021
Gary Clark Jr.,The Healing - Live,39.0,0.344,0.56,7.0,-8.363,0,0.031,0.222,0.679,0.345,89.193,338227.0,4,2015
Modou Toure,The Lighthouse Keeper,5.0,0.504,0.553,9.0,-10.893,0,0.0405,0.66,0.206,0.735,87.896,251500.0,4,2020
Too Late Babe,The Lowest Pair,44.0,0.373,0.681,2.0,-8.002,1,0.0385,0.137,0.145,0.249,168.533,481936.7,4,2014
BRIDEAR,The Moment,31.0,0.504,0.956,7.0,-2.148,1,0.129,0.000274,0.042,0.46,99.983,195222.0,4,2020
The Telescopes,The Perfect Needle,31.0,0.278,0.568,2.0,-9.636,1,0.033,1.04E-05,0.331,0.216,95.514,208040.0,4,1992
Ekin Fil,The Reckoning,21.0,0.142,0.0664,7.0,-25.04,1,0.0467,0.871,0.102,0.0388,145.565,312000.0,1,2020
Gil Scott-Heron,The Revolution Will Not Be Televised,58.0,0.558,0.677,11.0,-12.38,0,0.207,0.535,0.101,0.96,180.685,185879.0,4,1971
Michael Franti & Spearhead,The Sound Of Sunshine,49.0,0.673,0.902,10.0,-4.886,1,0.0553,0.0164,0.269,0.704,97.007,225133.0,4,2010
I,The Storm I Ride,39.0,0.521,0.961,2.0,-5.752,1,0.0459,0.189,0.112,0.26,124.993,269213.0,4,2006
Nation of Language,The Wall & I,46.0,0.558,0.876,6.0,-5.625,1,0.0288,0.0244,0.0971,0.448,141.995,304714.0,4,2021
Living Proof,The War On Drugs,63.0,0.604,0.157,9.0,-14.174,1,0.0315,0.892,0.113,0.126,116.032,489778.3,4,2018
The Band,The Weight - Remastered,73.0,0.63,0.551,9.0,-9.28,1,0.0549,0.373,0.103,0.518,143.868,274493.0,4,1968
Katatonia,The Winter of Our Passing,40.0,0.58,0.694,5.0,-9.529,0,0.0338,0.000351,0.276,0.439,120.048,198027.0,4,2020
Echo Collective,The Witching Hour,26.0,0.0765,0.0521,5.0,-18.188,0,0.0431,0.826,0.092,0.0271,80.809,330448.0,3,2021
Battles,The Yabba,39.0,0.616,0.541,10.0,-10.449,1,0.0618,0.312,0.109,0.585,164.038,409120.0,4,2015
"Luther ""Snake Boy"" Johnson",They call me the snake,30.0,0.6,0.319,4.0,-12.587,1,0.143,0.739,0.289,0.41,137.954,337600.0,3,1973
Bettye LaVette,Things Have Changed,43.0,0.716,0.667,11.0,-4.624,0,0.0349,0.127,0.0822,0.686,110.583,416560.0,4,2018
Amos Milburn,Thinking And Drinking,34.0,0.76,0.323,2.0,-12.06,1,0.125,0.983,0.134,0.648,110.369,144787.0,4,1952
Franz Ferdinand,This Fire,54.0,0.549,0.87,7.0,-9.453,1,0.0543,0.00249,0.127,0.671,138.078,254693.0,4,2004
"Florida Georgia Line, Luke Bryan",This Is How We Roll,71.0,0.555,0.931,8.0,-2.969,1,0.0367,0.016,0.405,0.723,132.085,368178.3,4,2014
Midnight Riot,This Is My Squad,20.0,0.661,0.973,7.0,-4.579,1,0.0449,0.00736,0.189,0.815,101.991,175830.0,4,2020
Niall Horan,This Town,60.0,0.679,0.407,9.0,-7.778,1,0.0302,0.699,0.122,0.195,111.814,387666.7,4,2016
P Money,This Year,54.0,0.824,0.634,2.0,-8.894,1,0.164,0.0193,0.12,0.229,139.975,178639.0,4,2019
"Arijit Singh, Himani Kapoor",Thode Kam Ajnabi,59.0,0.266,0.443,5.0,-9.131,1,0.0327,0.734,0.0992,0.405,83.629,497583.3,4,2020
Dexter Gordon,Three O'Clock In The Morning - Rudy Van Gelder Edition,39.0,0.508,0.533,5.0,-6.863,1,0.0312,0.478,0.0839,0.812,141.973,569445.0,4,1961
Corey Taylor,Thunder Force,48.0,0.326,0.942,3.0,-6.092,1,0.0787,8.59E-05,0.322,0.596,111.009,221429.0,3,2021
Cam,Till There's Nothing Left,71.0,0.577,0.634,2.0,-6.905,1,0.0365,0.00339,0.209,0.335,75.752,325858.3,4,2020
Khruangbin,Time (You and I),65.0,0.751,0.49,11.0,-13.679,1,0.0453,0.00932,0.0725,0.925,105.407,342189.0,4,2020
Ailbhe Reddy,Time Difference,36.0,0.548,0.161,2.0,-14.991,1,0.0326,0.861,0.102,0.309,80.069,190900.0,4,2020
Of Mice & Men,Timeless,52.0,0.529,0.944,8.0,-7.203,1,0.0881,8.05E-05,0.104,0.133,115.002,246500.0,4,2021
Tupperwave,Timeless,41.0,0.788,0.681,7.0,-13.456,0,0.158,0.119,0.0969,0.805,86.957,162024.0,4,2020
Mr. Big,To Be With You,73.0,0.688,0.375,4.0,-9.601,1,0.0535,0.286,0.133,0.45,83.635,210480.0,4,1991
Gang Of Four,To Hell With Poverty,40.0,0.408,0.885,7.0,-9.635,1,0.149,0.000456,0.278,0.231,134.524,299600.0,4,1981
Julia Jacklin,"to Perth, before the border closes",52.0,0.589,0.274,2.0,-12.442,1,0.031,0.302,0.107,0.23,95.666,176733.0,4,2022
Angelo De Augustine,Tomb,44.0,0.644,0.233,10.0,-14.938,1,0.0316,0.971,0.103,0.643,85.685,258003.0,4,2019
Tommy Genesis,Tommy,51.0,0.716,0.855,1.0,-7.856,1,0.0488,0.00287,0.268,0.377,138.008,162481.0,4,2018
Yuksek,Tonight,28.0,0.667,0.758,8.0,-3.955,1,0.0471,0.0247,0.0708,0.307,128.974,255293.0,4,2019
Jessy Martens and Band,Touch My Blues Away - Live,36.0,0.311,0.466,10.0,-8.163,1,0.0367,0.0171,0.738,0.233,158.661,544640.0,3,2011
The Jam,Town Called Malice,69.0,0.542,0.91,7.0,-8.924,1,0.0873,0.00228,0.0686,0.775,101.774,173320.0,4,1982
Darkthrone,Transilvanian Hunger - Studio,47.0,0.267,1.0,4.0,-4.92,0,0.135,0.016,0.45,0.0215,138.616,369760.0,4,1994
The Revisit Project,Transition,15.0,0.628,0.59,7.0,-7.47,0,0.0487,0.295,0.137,0.436,86.049,350930.0,4,2020
Sweet Misery,Tré Burt,28.0,0.614,0.546,2.0,-6.858,1,0.0296,0.625,0.0957,0.435,87.353,315548.3,4,2020
Suicidal Tendencies,Trip at the Brain,43.0,0.299,0.914,4.0,-12.181,0,0.0479,0.00107,0.102,0.637,103.465,271373.0,4,1989
"Ludwig van Beethoven, Anne-Sophie Mutter, Yo-Yo Ma, Daniel Barenboim, West-Eastern Divan Orchestra","Triple Concerto in C Major, Op. 56: 2. Largo - attacca - Live at Philharmonie, Berlin / 2019",25.0,0.148,0.0978,8.0,-22.617,1,0.0407,0.787,0.145,0.039,89.658,527906.7,4,2019
Busta Rhymes,True Indeed,42.0,0.417,0.945,2.0,-2.639,1,0.357,0.000367,0.249,0.805,177.645,113120.0,4,2020
Ziggy Marley,True To Myself,64.0,0.88,0.564,1.0,-6.431,1,0.0498,0.0786,0.0565,0.83,99.019,225600.0,4,2003
S. P. Balasubrahmanyam,Tumse Milne Ki Tamanna Hai,48.0,0.532,0.779,9.0,-11.326,0,0.0622,0.241,0.154,0.671,119.735,549978.3,4,1991
Zuli Jr.,Two,33.0,0.643,0.467,2.0,-5.503,1,0.0332,0.248,0.105,0.784,171.937,206693.0,3,2021
nic violets,twofaces,37.0,0.607,0.722,7.0,-7.885,0,0.117,0.00666,0.455,0.65,100.118,157964.0,4,2020
Jack Harlow,Tyler Herro,79.0,0.794,0.756,5.0,-7.16,0,0.136,0.11,0.247,0.775,123.066,156498.0,4,2020
yes/and,Ugly Orange,16.0,0.556,0.234,2.0,-16.707,1,0.0457,0.982,0.0844,0.395,108.8,259725.0,3,2023
Jade Bird,Uh Huh,54.0,0.584,0.81,11.0,-3.092,1,0.0406,0.0188,0.313,0.57,119.859,142444.0,4,2018
Devon Gilfillian,Unchained,49.0,0.385,0.832,7.0,-4.9,0,0.0891,0.0313,0.132,0.673,179.839,244536.0,4,2019
Converge,Under Duress,33.0,0.348,0.941,1.0,-4.155,1,0.0903,3.27E-06,0.0559,0.184,139.467,222884.0,3,2017
The Cold Stares,Under His Command,37.0,0.601,0.302,1.0,-8.44,0,0.0341,0.905,0.108,0.153,85.041,195667.0,4,2019
DIIV,Under the Sun,54.0,0.552,0.851,2.0,-6.229,1,0.033,0.00143,0.131,0.938,154.962,227000.0,4,2006
Kasabian,Underdog,63.0,0.526,0.895,5.0,-5.407,0,0.0543,0.0603,0.582,0.655,101.016,277467.0,4,2009
Bonnie Raitt,Unintended Consequence Of Love,38.0,0.708,0.565,11.0,-5.505,0,0.0465,0.273,0.0367,0.837,93.806,289027.0,4,2017
Oxbow,Untitled,12.0,0.408,0.56,9.0,-6.451,0,0.164,0.173,0.129,0.394,131.507,370133.0,3,1991
"Morgan Wallen, Florida Georgia Line",Up Down (feat. Florida Georgia Line),72.0,0.589,0.882,6.0,-3.039,1,0.035,0.0813,0.146,0.793,129.915,328755.0,4,2017
Coldplay,Up&Up,69.0,0.479,0.717,7.0,-5.459,1,0.0605,0.0488,0.102,0.253,163.989,405320.0,4,2015
Foreigner,Urgent,60.0,0.855,0.803,4.0,-5.849,0,0.0316,0.342,0.0841,0.962,114.867,452000.0,4,1981
Harakiri for the Sky,Us Against December Skies,46.0,0.165,0.946,10.0,-6.96,0,0.0684,1.71E-05,0.111,0.251,95.047,501093.0,3,2021
You And I,Valerie June,40.0,0.504,0.559,7.0,-6.838,1,0.0331,0.514,0.321,0.428,131.926,365088.3,3,2020
Alice Merton,Vertigo,58.0,0.429,0.854,5.0,-5.404,1,0.0426,0.0012,0.239,0.683,135.008,186014.0,4,2021
Rafael Farina,Vino Amargo,33.0,0.544,0.248,6.0,-11.302,0,0.0583,0.884,0.26,0.511,122.842,223800.0,4,1965
"Johann Sebastian Bach, Hilary Hahn","Violin Partita No. 3 in E Major, BWV 1006: III. Gavotte en rondeau",26.0,0.456,0.108,4.0,-16.453,1,0.0565,0.989,0.142,0.804,111.851,326733.3,3,2003
Fibre,Virtual World,34.0,0.698,0.884,7.0,-6.017,0,0.0684,0.0955,0.0897,0.692,122.024,245902.0,4,2017
Sirenia,Voyage Voyage,48.0,0.527,0.941,1.0,-5.224,1,0.0513,0.00102,0.205,0.62,125.994,258564.0,4,2020
Fangclub,Vulture Culture,45.0,0.293,0.917,9.0,-6.104,1,0.074,1.28E-05,0.435,0.504,180.146,199077.0,4,2019
Hemlata,Wafa Jo Na Ki,17.0,0.497,0.674,4.0,-6.081,1,0.1,0.888,0.147,0.585,90.402,315288.3,4,1977
Sam Fender,"Waiting For Love - Recorded At RAK Studios, London",50.0,0.333,0.691,6.0,-5.224,0,0.0428,0.0135,0.164,0.341,125.204,165000.0,4,2021
Dolly Ave,Waiting for You,21.0,0.161,0.261,3.0,-10.281,1,0.0305,0.925,0.184,0.085,66.909,204743.0,3,2021
The Hives,Walk Idiot Walk,58.0,0.623,0.947,9.0,-3.934,1,0.103,0.00386,0.582,0.684,146.318,211813.0,4,2004
The Hives,Walk Idiot Walk,58.0,0.623,0.947,9.0,-3.934,1,0.103,0.00386,0.582,0.684,146.318,211813.0,4,2004
Joe Bonamassa,Walk In My Shadow - Live,44.0,0.458,0.865,1.0,-5.764,0,0.0694,0.0165,0.946,0.69,119.823,269360.0,4,2008
Toad The Wet Sprocket,Walk On the Ocean,55.0,0.395,0.502,6.0,-8.328,1,0.0309,0.236,0.332,0.323,183.237,178376.0,3,1991
Robin Trower,Walking Wounded,32.0,0.546,0.227,10.0,-12.635,0,0.0317,0.782,0.141,0.101,60.037,254145.0,4,1991
Cake,War Pigs,57.0,0.581,0.566,5.0,-8.169,0,0.0357,0.00698,0.0968,0.449,83.904,234013.0,4,2004
The Vanities,Wasted All My Days,23.0,0.43,0.942,10.0,-3.008,1,0.0913,0.000166,0.103,0.557,91.483,140400.0,4,2020
Post-Party,Wasting Time,39.0,0.459,0.747,3.0,-5.439,1,0.0309,0.000956,0.104,0.673,89.974,167556.0,4,2020
Junior Wells,Watch Me Move,19.0,0.684,0.932,11.0,-6.019,0,0.117,0.123,0.0627,0.772,102.924,245827.0,4,1997
The Dangerous Summer,Way Down,45.0,0.402,0.923,8.0,-5.596,1,0.0468,0.0037,0.469,0.237,83.238,201229.0,4,2020
Billy Joel,We Didn't Start the Fire,76.0,0.712,0.967,7.0,-5.206,1,0.047,0.0771,0.356,0.895,145.024,287733.0,4,1989
Inhaler,We Have To Move On,51.0,0.463,0.953,4.0,-5.008,0,0.0672,0.00702,0.125,0.721,160.042,252547.0,4,2020
Against The Current,weapon,64.0,0.402,0.924,7.0,-4.089,0,0.156,0.00021,0.237,0.443,180.075,197209.0,4,2021
Low Island,What Do You Stand For,42.0,0.625,0.79,10.0,-7.068,0,0.0369,0.0054,0.11,0.513,110.022,225851.0,4,2020
The Magic Gang,What Have You Got To Lose,45.0,0.7,0.713,2.0,-4.741,0,0.0483,0.00549,0.112,0.425,121.95,231701.0,4,2018
JayWood,What You Do To Me,35.0,0.495,0.868,7.0,-5.122,1,0.0621,0.124,0.0916,0.668,81.024,254024.0,4,2021
Wargirl,Whatcha Say,30.0,0.868,0.562,5.0,-7.063,0,0.0534,0.277,0.115,0.614,114.025,188733.0,4,2020
Prince,When Doves Cry,71.0,0.729,0.989,9.0,-4.613,0,0.049,0.0102,0.443,0.84,126.47,588176.7,4,1984
John Mayall & The Bluesbreakers,When The Devil Starts Crying,28.0,0.481,0.799,2.0,-8.098,1,0.0459,0.0451,0.589,0.745,140.217,253867.0,4,1995
Lewis Capaldi,when the party's over - Recorded at Spotify Studios NYC,65.0,0.509,0.183,10.0,-10.27,1,0.0377,0.946,0.0914,0.258,117.354,388061.7,3,2019
Trois Amis,When You Are Around,59.0,0.559,0.194,8.0,-16.927,1,0.0412,0.909,0.132,0.169,84.095,319245.0,4,2020
Bully,Where to Start,44.0,0.341,0.875,9.0,-4.581,1,0.0406,2.32E-05,0.135,0.477,78.948,180601.0,4,2020
R3HAB,Where You Wanna Be,48.0,0.766,0.698,3.0,-7.549,0,0.228,0.329,0.0835,0.204,123.926,158710.0,4,2019
The Lazy Eyes,Where's My Brain??? - Edit,33.0,0.551,0.831,9.0,-5.922,1,0.141,0.064,0.323,0.619,176.091,184428.0,4,2020
Heart,White Lightning And Wine,42.0,0.699,0.42,11.0,-12.113,0,0.0564,0.0767,0.359,0.744,117.145,233600.0,4,1975
Led Zeppelin,Whole Lotta Love,77.0,0.412,0.902,9.0,-11.6,1,0.405,0.0484,0.405,0.422,89.74,333893.0,4,1969
Hala,Why Do You Want Anything To Do With Me?,27.0,0.533,0.82,6.0,-6.341,0,0.0295,0.0887,0.141,0.896,154.983,168101.0,4,2020
Parkway Drive,Wild Eyes,59.0,0.299,0.99,6.0,-3.498,1,0.156,0.000732,0.165,0.197,110.313,258587.0,4,2015
Wil Owen,Will It All Work Out?,37.0,0.472,0.251,1.0,-13.75,0,0.0427,0.901,0.118,0.202,100.964,152857.0,4,2020
Light The Torch,Wilting in the Light,53.0,0.393,0.874,7.0,-5.566,1,0.0582,3.11E-05,0.12,0.378,155.013,228738.0,4,2021
Still Woozy,Window,71.0,0.714,0.483,4.0,-9.378,0,0.195,0.436,0.28,0.67,91.025,139293.0,4,2020
Tired Lion,With Or Without,36.0,0.469,0.759,10.0,-5.119,1,0.0409,0.000357,0.145,0.332,130.045,210629.0,4,2020
U2,With Or Without You,79.0,0.54,0.429,2.0,-11.822,1,0.0285,0.000202,0.141,0.113,110.171,295516.0,4,1987
Shawn Mendes,Wonder,80.0,0.333,0.637,1.0,-4.904,0,0.0581,0.131,0.149,0.132,139.898,172693.0,4,2020
Poor Righteous Teachers,Word Iz Life,52.0,0.738,0.88,10.0,-5.364,0,0.316,0.0175,0.087,0.771,86.99,270240.0,4,1993
Kid Kapichi,Working Man's Town,43.0,0.358,0.866,4.0,-4.639,0,0.051,0.0015,0.515,0.749,150.077,214707.0,4,2023
Crisix,World in a World,28.0,0.408,0.987,1.0,-3.663,0,0.153,0.000125,0.434,0.389,104.966,256880.0,4,2021
Fleetwood Mac,World's in a Tangle,36.0,0.441,0.361,9.0,-13.803,1,0.0717,0.567,0.143,0.513,68.024,325693.0,4,1970
Trousdale,Wouldn't It Be Nice,46.0,0.586,0.269,7.0,-7.672,1,0.0262,0.885,0.0906,0.257,105.809,278541.7,4,2020
Black Mountain,Wucan,44.0,0.524,0.613,1.0,-10.025,1,0.0256,0.0135,0.086,0.443,102.399,362960.0,4,2008
Cayucas,Yeah Yeah Yeah,44.0,0.829,0.512,9.0,-8.849,1,0.0325,0.619,0.0941,0.891,117.973,205922.0,4,2020
"Kishore Kumar, Asha Bhosle",Yeh Raaten Yeh Mausam,12.0,0.505,0.216,4.0,-12.355,0,0.0508,0.976,0.146,0.709,148.791,335266.7,3,1960
Yot Club,YKWIM?,75.0,0.372,0.537,9.0,-7.623,1,0.0305,0.937,0.287,0.228,123.735,212750.0,3,2019
Backstreet Boys,You Can Let Go,31.0,0.521,0.72,11.0,-3.418,1,0.0301,0.0617,0.154,0.454,73.002,354888.3,4,2007
Suicidal Tendencies,You Can't Bring Me Down,55.0,0.281,0.958,4.0,-10.798,0,0.375,0.00195,0.0915,0.0381,136.851,348093.0,4,1990
Sleeping Wolf,You Don't Know What It's Like,31.0,0.488,0.407,2.0,-8.798,0,0.0288,0.057,0.122,0.34,77.522,192533.0,4,2018
Jaden Berry,You Left With My Heart Still Yours,60.0,0.369,0.0576,11.0,-21.441,1,0.0457,0.925,0.118,0.104,183.354,241426.7,3,2021
Hanni El Khatib,You Rascal You,41.0,0.604,0.665,5.0,-7.981,1,0.305,0.516,0.0766,0.48,84.691,141093.0,4,2011
"Doja Cat, The Weeknd",You Right,89.0,0.828,0.621,8.0,-6.414,1,0.0565,0.0164,0.0845,0.436,128.986,310288.3,4,2021
AC/DC,You Shook Me All Night Long,80.0,0.532,0.767,7.0,-5.509,1,0.0574,0.00287,0.39,0.755,127.361,210173.0,4,1980
Ron Gallo,"Young Lady, You're Scaring Me",59.0,0.371,0.921,9.0,-5.533,1,0.0784,0.0113,0.43,0.508,109.675,220538.0,4,2017
Glass Animals,Your Love (D√©j√† Vu),63.0,0.854,0.671,7.0,-7.158,1,0.0543,0.019,0.105,0.631,107.994,234372.0,4,2020
Chimurenga Renaissance,Zimbabwe,30.0,0.575,0.652,10.0,-7.62,0,0.0921,0.361,0.396,0.629,92.968,204827.0,4,2014
Unearth,Zombie Autopilot,41.0,0.258,0.918,11.0,-5.972,0,0.0701,8.2E-06,0.413,0.253,93.727,249853.0,4,2004